answer,processed_answer,question
 There are also a lot of different frogs.,,What`different type of frogs are there in the world?
" Most commonly, they are a favorite of privateers and military.","Most commonly, they are a favorite of privateers and military.",What are some different types of dolphins?
 I use to go down to Seattle every now and then for work.,I use to go down to Seattle every now and then for work.,Okay but where do you buy apples?
 Sunday is for the school holidays.,Sunday is for the school holidays.,"Hey there, do you happen to know what day it is today?"
 rat <,rat <,What is the name of your rat?
" I would like to go to the Caribbean, I also grew up in Thailand.","I would like to go to the Caribbean , I also grew up in Thailand.",What is one place you would like to travel?
"? Good o' clockwise, thanks,","Good o' clockwise, thanks,",Bye now
<|startoftext|>What are some different types of dog breeds? Schutz pups are all German shepherds and are quite lively her- she's got a very lively personality and is very happy- Humbly pups are all Yorkshire terrier and are,Schutz pups are all German shepherds and are quite lively she's got a very lively personality and is very happy- Humbly pups are all Yorkshire terrier and are,What are some different types of dog breeds?
<|startoftext|> What kind of fun are you planning? I'll start at a bar crawlup type thing.,I'll start at a bar crawlup type thing.,<div> Hey i'm just trying this out </div>
,,</body>
"<|startoftext|><input type=""button"">Submit</|startoftext|> <|submit type=""text"" class=""btn btn-primary"">Hello, what is your country of birth? I'm in my20s.<|",I'm in my20s.<|,"<input type=""button"">"
 I like to ski and I like running as well.,I like to ski and I like running as well.,Where do you like to run?
 what do you like to do for fun? I like to play a variety of club sports at the college.,I like to play a variety of club sports at the college.,okay
" I haven't read in a while, but I did like to read a little fiction when I was in high school.","I haven't read in a while, but I did like to read a little fiction when I was in high school.",Do you like to read?
"<|startoftext|>How long have you been doing yoga? hmm..roughly 8 hours a day since I took up quad</|endoftext|>

<|startoftext|>Have you been on any type of exercise with your","hmm..roughly 8 hours a day since I took up quad</|endoftext|>

 Have you been on any type of exercise with your",How long have you been doing yoga?
" I'm doing fine, despite the weather being less than perfect today.","I'm doing fine, despite the weather being less than perfect today.","Hello sam, how are you today?"
 It depends on the season.,It depends on the season.,What is the weather like?
" Yeah, today was cold, but we're going to get much colder.","Yeah, today was cold, but we're going to get much colder.",Then how is the weather less than perfect today?
" I enjoy Skyrim, Diablo, and League of Legends.","I enjoy Skyrim, Diablo, and League of Legends.",What type of video games do you like to play?
 Clean fiction is set in contemporary day society and non-conformist/objective writing.,Clean fiction is set in contemporary day society and non-conformist/objective writing.,What is clean fiction?
 Yes..like Le Bourget...Forest was the last movie I ever wanted to go to.,Yes..like Le Bourget... Forest was the last movie I ever wanted to go to.,Do you like to go to the cinema?
"<|startoftext|>What video games do you like to play? I recently got into Divinity: Original Sin, and it was really fun.|endoftext|
<|startoftext|>Do you play online or on the weekend? I play online",I play online,What video games do you like to play?
" I'm Amy, from the East Bay.","I'm Amy, from the East Bay.",Who are you?
"<|startoftext|>What do you like to do? When I'm not doing schoolwork, I like to hike and I like to ski, but if I have to, I enjoy my downtime on my computer, which I used to do mostly I guess","When I'm not doing schoolwork, I like to hike and I like to ski, but if I have to, I enjoy my downtime on my computer, which I used to do mostly I guess",What do you like to do?
 I love sultry blue.,I love sultry blue.,What is your favorite colour?
 I like to watch movies and I like to play soccer.,I like to watch movies and I like to play soccer.,What do you like to do?
 Currently I'm taking a course on MTurk.,Currently I'm taking a course on MTurk.,What are you doing?
Turk is a FREE online course,Turk is a FREE online course,What is MTurk?
 It is a poetic ending to a long-running story.,It is a poetic ending to a long-running story.,What is the meaning of jack?
" Hmm, I freeze pasta.","Hmm, I freeze pasta.",What type of food do you liek to eat during the winter?
" I like the water, the weather, and the sounds of the area.","I like the water, the weather, and the sounds of the area.",What do you like do to on the beach during the summer?
" I've been to India, Brazil, Germany, UK, France, Italy, Netherlands, Italy, UK.","I've been to India, Brazil, Germany, UK, France, Italy, Netherlands, Italy, UK.",What places have you been to in the world?
 This is a good question.,This is a good question.,What places in the world do you want to visit?
 I'm in the running here and there but I don't have a lot of time with my hand-eye coordination...which I enjoy doing.,I'm in the running here and there but I don't have a lot of time with my hand-eye coordination...which I enjoy doing.,What sports can you play?
 Up in Boston.,Up in Boston.,Where are you right now?
 I go to John Jay College for Business (JDCP).,I go to John Jay College for Business (JDCP).,What do you like to do in boston?
 I like to play basketball or tennis during the summer and I enjoy doing community service events during the spring.,I like to play basketball or tennis during the summer and I enjoy doing community service events during the spring.,What do you like to do during spring?
 I love Spain and I love Italy.,I love Spain and I love Italy.,Which continent is your favorite?
"<|startoftext|>Do you love europe then? I do, but I feel as though I've betrayed myself in the past by not liking it.  I really enjoy reading, playing video games, and traveling. I'm a pretty big guy,","I do, but I feel as though I've betrayed myself in the past by not liking it. I really enjoy reading, playing video games, and traveling.",Do you love europe then?
" I'm currently in pre-med school, working toward my doctorate in biochemistry.","I'm currently in pre-med school, working toward my doctorate in biochemistry.",What are you doing right now?
" I've played tennis since I was a kid, but I never played a racket.","I've played tennis since I was a kid, but I never played a racket.",How long have you played golf?
" Honestly, I like to watch a basketball game or two but I don't actually watch those sort of things (laughs).","Honestly, I like to watch a basketball game or two but I don't actually watch those sort of things (laughs).",What do you like to do?
 Life is too short to live on just this once in a million way.,Life is too short to live on just this once in a million way.,What is the meaning of life?
"<|startoftext|>How many turtles exist in the world? About 1,000? Some say as many as 8,000,000. Some say as many as 20,000,000., Some say as many as 50,000,000., Some say","Some say as many as 8,000,000. Some say as many as 20,000,000. , Some say as many as 50,000,000. , Some say",How many turtles exist in the world?
 I like to watch movies and play video games.,I like to watch movies and play video games.,What do you like to do?
 I have not time for that right now but I'll get there.,I have not time for that right now but I'll get there.,What video games do you like to play?
 enjoying my free time.,enjoying my free time.,What's up?
ress to U.S. Rep. Keith Ellison? Nope.,,Hei
" According to Steve, it's a cold day, with lots of wind and rain.","According to Steve, it's a cold day, with lots of wind and rain.",What is guava?
 I'm on a double spend tour (ish if you don't mind me asking) and am hoping to go back soon.,I'm on a double spend tour (ish if you don't mind me asking) and am hoping to go back soon.,What are you doing right now?
 This is a bit different but it's more of a boot camp type of thing.,This is a bit different but it's more of a boot camp type of thing.,What is a double spend tour?
"<|startoftext|>What would a cat say if it could talk? If it could feel feel feel, it would say ""oooh!"" If it could hear, it would say ""oooh!"" A cat that could feel feel did is about as likely to run if","If it could feel feel feel, it would say ""oooh! "" If it could hear, it would say ""oooh!""",What would a cat say if it could talk?
 I want to make sure to get everything I possibly can before I'm dead.,I want to make sure to get everything I possibly can before I'm dead.,What is one thing you want to do before you die?
" I have not been to the pyramids much (outside of studying), but I have been interested in Atlantis and Freelance.","I have not been to the pyramids much (outside of studying), but I have been interested in Atlantis and Freelance.",Where are the pyramids?
 lizards are the government.,lizards are the government.,Is the government ran by lizards?
ops Nation? Hmmm...probably somewhere in the middle.,Hmmm... probably somewhere in the middle.,Ho
"<|startoftext|>hoarding?, you a$$? hmm... depends hmm... do you like to travel? I do like to travel, but I feel as though I'm not taking it seriously anymore. Last edited","I do like to travel, but I feel as though I'm not taking it seriously anymore. Last edited",ho
 There's one chicken breed--pig terrier and one--terrier and her litter.,There's one chicken breed--pig terrier and one--terrier and her litter.,How many types of chickens are there?
" There's a lot of different kinds of cows, from mean cows like the shetland rat to the big game animal.","There's a lot of different kinds of cows, from mean cows like the shetland rat to the big game animal.",How many types of cows are there?
ping to raise a kid? Helping to raise a kid.,Helping to raise a kid.,hel
" cook? I have not had time to go to yu cooking school in a long time, but my dad and I usually go out to eat at taco places.","I have not had time to go to yu cooking school in a long time, but my dad and I usually go out to eat at taco places.",how ar yu
" Yeah I do, it helps me to be aware of what I'm eating and choosing protein foods.","Yeah I do, it helps me to be aware of what I'm eating and choosing protein foods.",Do you research?
" If I don't have to think of anything else, what do you enjoy doing? Glad it's an option is that much harder to choose.",it's an option is that much harder to choose.,What do you want to work with in 5 years?
"I went to a few countries includingUSA, Canada, Germany, Netherlands, UK.","I went to a few countries includingUSA, Canada, Germany, Netherlands, UK.",Have you traveled a lot?
" I'm a postdoc in a lab, so I work full-time from home.","I'm a postdoc in a lab, so I work full-time from home.",What are you doing?
 The study of choice in life.,The study of choice in life.,What is the meaning of life?
" I would like to travel to a lot of different places, starting with Latin America.","I would like to travel to a lot of different places, starting with Latin America.",Would you like to travel the world with me?
" I miss it's activities like turk riding, big banks, big groves, big brooks.","I miss it's activities like turk riding, big banks, big groves, big brooks.",How often do you go hiking?
 A bunch of trails in North Carolina and Oregon.,A bunch of trails in North Carolina and Oregon.,Where do you usually go hiking?
" I get called in to take a pitch every so often, but I don't miss a beat by Baseball America.","I get called in to take a pitch every so often, but I don't miss a beat by Baseball America.",How often do you play baseball?
 I play most games on my tablet or finger game console.,I play most games on my tablet or finger game console.,What type of video games do you like to play?
 The last time I checked I was the most traveled tourist in the world! ,The last time I checked I was the most traveled tourist in the world!,where do you want to travel for your next vacation?
" I've been to a few countries in Europe which I really enjoyed, hoping to go back soon.","I've been to a few countries in Europe which I really enjoyed, hoping to go back soon.",What places have you traveled to so far?
 I might go to a party tonight.,I might go to a party tonight.,What are you up to?
 I don't really like it.,I don't really like it.,Do you like coffe?
 i'm well thank you.,i'm well thank you.,"How are you doing today, marcus?"
 Well I'm usually photographing something different from the street level.,Well I'm usually photographing something different from the street level.,What do you usually photograph?
"<|startoftext|>How long have you been photographing? I've been taking precise photographs of everything from mountains to the ocean.</|endoftext|>
<|startoftext|>Have you always lived in Texas? No, I'm from","No, I'm from",How long have you been photographing?
"you interesting?, Pretty interesting.",you interesting?,..
", how about you? I am Terry.",", how about you?",Yes i am
 Glad you asked.,Glad you asked.,"Yes I am, how about you?"
is it 9/10 or 15th? Well it's pretty good.,is it 9/10 or 15th?,..
"<|startoftext|>.  .
<|alarmisttext>how do you like it here compared to u.o.? Here, its very similar except for one thing: people run around, get beat up, and get",. .,.  .
 I'm actually a girl.,I'm actually a girl.,What do you look like?
" i live in the UK, not the U.S.","i live in the UK, not the U.S.",What is life like in south africa?
[-],[-],??
"I just left my hometown of Cambridge for California this summer, so not much time here.","I just left my hometown of Cambridge for California this summer, so not much time here.",Where?
" I think it's kind of poetic, I think it kinda means that I have time to myself lately.","I think it's kind of poetic , I think it kinda means that I have time to myself lately.",What is the meaning of tim?
" There are over 6,000 different varieties of cows.","There are over 6,000 different varieties of cows.",How many different cows are there in the world?
 Its a number pi is a mathematical expression that tells the truth about pi.,Its a number pi is a mathematical expression that tells the truth about pi.,What is the meaning of pi?
<|startoftext|>What is the meaning of pi? Its a mathematical value assigned to various aspects of the physical world. It's similar to a fee or a token of payment in that it gives someone in your community a certain level of authority over another person,What is the meaning of pi?,What is the meaning of pi?
 Its a number pi is related to. It's a fancy way of saying unit of measurement in English.,Its a number pi is related to. It's a fancy way of saying unit of measurement in English.,What is the meaning of pi?
"<|startoftext|>Mouse? Yeah, I use my right hand to navigate, and my left I'm sitting on a bench, reading a book., I lean over and stroke a card, but my right hand slides down my pants",Mouse?,Mouse?
 My boyfriend and I go to Texas A&M and my boyfriend is doing well because he said he wants to go to college or something.,My boyfriend and I go to Texas A&M and my boyfriend is doing well because he said he wants to go to college or something.,Cow?
 Its six digits long and its shape different.,Its six digits long and its shape different.,What is the meaning of pi?
 Its a mathematical representation of the radii of a circle. It's a mathematical notation for decimal places.,Its a mathematical representation of the radii of a circle. It's a mathematical notation for decimal places.,What is the meaning of pi?
"<|startoftext|>What is the meaning of pi? It's square root of 2.00 - 1.15 pi is a ratio of 1:460 to 1,460; 1:460 to 1,460 is correct (r < .0001),",What is the meaning of pi?,What is the meaning of pi?
" It's square root of 2. Rotating a rotary machine really takes some practice, you can tell by the bearing pattern.","It's square root of 2. Rotating a rotary machine really takes some practice, you can tell by the bearing pattern.",What is the meaning of pi?
"<|startoftext|>What is the meaning of pi? It's the ratio of a dollar value to another dollar value. pi is also the abbreviation for ""circuit breaker"", which means that if you break a certain piece of electrical wire, the other",What is the meaning of pi?,What is the meaning of pi?
"<|startoftext|>What is the meaning of pi? Its its a number pi is a fancy way of saying decimal point''.|endoftext|>
<|startoftext|>Have you ever played basketball? Yes i played basketball, I",What is the meaning of pi?,What is the meaning of pi?
" There are at least 8 different clades, the most common being the collie and the rest being me and my brother.","There are at least 8 different clades, the most common being the collie and the rest being me and my brother.",How many different species of cats are there?
" There are over 2,000 different kinds of cats.","There are over 2,000 different kinds of cats.",How many different species of cats are there?
 There's one cat named Catwoman.,There's one cat named Catwoman.,How many different species of cats are there?
 There's a lot of different cats.,There's a lot of different cats.,How many different species of cats are there?
" Most of them are harmless frogs, like the shy ohanian or the big kudu. ","Most of them are harmless frogs, like the shy ohanian or the big kudu.",How many different species of frogs are there?
 There are also about 15 frogs in my family.,There are also about 15 frogs in my family.,How many different species of frogs are there?
" Most of them are large frogs, but some are smaller frogs.","Most of them are large frogs, but some are smaller frogs.",How many different species of frogs are there?
,,How many different species of frogs are there?How many different species of frogs are there?
 There are as much as there are lines.,There are as much as there are lines.,How many different tiger species are there?
 There are actually 988 different species of tiger.,There are actually 988 different species of tiger.,How many different tiger species are there?
 I've been thinking of that word a bunch lately.,I've been thinking of that word a bunch lately.,what are some different cat species?
" I'm pretty new to them, I've never been into hermes.","I'm pretty new to them, I've never been into hermes.",what are some different cat species?
,,What is league of legends?
"<|startoftext|>What is league of legends? RPG`s, MMO's, Stephen King, Star Trek Online, Halo 5, Call of Duty: Black Ops II, Warcraft III: Frozen, Skyrim, and League of Legends.<|endof",What is league of legends?,What is league of legends?
 League of Legends is a multi-platform game that runs on all of your systems and runs on your current or former computers too.,League of Legends is a multi-platform game that runs on all of your systems and runs on your current or former computers too.,What is league of legends?
" Its a notation for number, in Latin letters. It's a mathematical thing, not an artistic one.","Its a notation for number, in Latin letters. It's a mathematical thing, not an artistic one.",What is the meaning of pi?
 It's a mathematical representation of decimal places.,It's a mathematical representation of decimal places.,What is the meaning of pi?
" It's the ratio between the number of digits in a string between two consecutive lefties, and the number pi.","It's the ratio between the number of digits in a string between two consecutive lefties, and the number pi.",What is the meaning of pi?
" Its six digits long and has a circumference of 3.4"". It was created to measure the size of a typical envelope.","Its six digits long and has a circumference of 3.4"". It was created to measure the size of a typical envelope.",What is the meaning of pi?
 Its six digits long and fairly standard for decimal places.,Its six digits long and fairly standard for decimal places.,What is the meaning of pi?
 It's the ratio between the square of its latitude and longitude. It's measured in degrees. It is long considered the zenith of mathematical precision.,It's the ratio between the square of its latitude and longitude. It's measured in degrees.,What is the meaning of pi?
" Its an arbitrary number. It's not exact science, but it's pretty close.","Its an arbitrary number. It's not exact science, but it's pretty close.",What is the meaning of pi?
 It's the ratio of a circle to an inch (half an inch to two is enough). It's also the width of an inch.,It's the ratio of a circle to an inch (half an inch to two is enough). It's also the width of an inch.,What is the meaning of pi?
 It's square root of 2. It can also be expressed in terms of seasons.,It's square root of 2. It can also be expressed in terms of seasons.,What is the meaning of pi?
"<|startoftext|>What is the meaning of pi? Its a number pi will give to you when you say ""right"" or when you say ""what do you want to do with your current sketch?"" We'll see soon enough.<|endoftext",What is the meaning of pi?,What is the meaning of pi?
||||||||,,What is the meaning of pi?'
 Freedom of being an artist.,Freedom of being an artist.,What is the meaning of pi?
 I'll be in college around 10 or 11.,I'll be in college around 10 or 11.,Where will you be one year from now?
 It's a mathematical representation of orientation in two-dimensional space.,It's a mathematical representation of orientation in two-dimensional space.,What is the meaning of pi?
 It's diameter is 1/4 inch. It is a circle and a core of twostone.,It's diameter is 1/4 inch. It is a circle and a core of twostone.,What is the meaning of pi?
 It's a mathematical representation of an integer.,It's a mathematical representation of an integer.,What is the meaning of pi?
 Its a number pi is a fancy way of saying mathematical perfection.,Its a number pi is a fancy way of saying mathematical perfection.,What is the meaning of pi?
 It's a mathematical fact that every integer between 0 and 9 in pi is equal.,It's a mathematical fact that every integer between 0 and 9 in pi is equal.,What is the meaning of pi?
 It's the ratio of a circle to an inch.,It's the ratio of a circle to an inch.,What is the meaning of pi?
 Its a number that people say is special.,Its a number that people say is special.,What is the meaning of pi?
" Its a number between 4 and 8 plus a number from 0 to 9, you can get pretty far by using any number you want.","Its a number between 4 and 8 plus a number from 0 to 9, you can get pretty far by using any number you want.",What is the meaning of pi?
<|startoftext|>What is the meaning of pi? It's a mathematical concept that describes how far apart a circle an object is by its perimeter and subtracts its radii. pi is a mathematical concept that describes pi's consequence po <|endof,What is the meaning of pi?,What is the meaning of pi?
"<|startoftext|>What is the meaning of pi? Its a mathematical fact that all numbers are divisible by 2 and can be calculated from these numbers pi and japanese for ""number"" and for ""city"" are both numbers for ""personal""",What is the meaning of pi?,What is the meaning of pi?
 It's square root of 3. Its decimal point is 1.,It's square root of 3. Its decimal point is 1.,What is the meaning of pi?
 It's a mathematical representation of a decimal place.,It's a mathematical representation of a decimal place.,What is the meaning of pi?
 It's a mathematical fact that all numbers in pi come from the east coast.,It's a mathematical fact that all numbers in pi come from the east coast.,What is the meaning of pi?
 It's a mathematical value assigned to a series of numbers pi.,It's a mathematical value assigned to a series of numbers pi.,What is the meaning of pi?
 Its a symbol of strength and confidence. It also holds hope for the future.,Its a symbol of strength and confidence. It also holds hope for the future.,What is the meaning of pi?
 It's a mathematical representation of a decimal point.,It's a mathematical representation of a decimal point.,What is the meaning of pi?
 Its a mathematical value indicating whether the system is correct or not. It's also a mathematical fact that two numbers come to be called a number and a series.,Its a mathematical value indicating whether the system is correct or not. It's also a mathematical fact that two numbers come to be called a number and a series.,What is the meaning of pi?
"<|startoftext|>What is the meaning of pi? Its 12? Its 12th birthday is on 6th? On 6th, 30 is my birthday, 31st is my birthday, and so on. I guess it is a reference to the Christmas",What is the meaning of pi? Its 12?,What is the meaning of pi?
"<|startoftext|>What is the meaning of pi? Its a number that is pi's other day you can ask: 1,000. Other than numbers, other than numbers, do you play any sports? I do, but I don't have a","What is the meaning of pi? Its a number that is pi's other day you can ask: 1,000.",What is the meaning of pi?
 It's the ratio of a number to a mathematical fact: You get more positive numbers by being positive.,It's the ratio of a number to a mathematical fact : You get more positive numbers by being positive.,What is the meaning of pi?
" Its 12th birthday, so it's a long way from my day actually.","Its 12th birthday, so it's a long way from my day actually.",What is the meaning of pi?
 It's the ratio of an integer to an string.,It's the ratio of an integer to an string.,What is the meaning of pi?
"<|startoftext|>What is the meaning of pi? Its three-pole form. It's a mathematical concept that means ""unit of measurement"" in Latin.</|endoftext|>
<|startoftext|>What do you enjoy doing","Its three-pole form. It's a mathematical concept that means ""unit of measurement"" in Latin.</|endoftext| >
 What do you enjoy doing",What is the meaning of pi?
 It's security dot the side of a building.,It's security dot the side of a building.,What is the meaning of pi?
"<|startoftext|>What is the meaning of pi? It's square root of 1. Its seven-pointed star is a nod to astronomy.''|endoftext|>
you? rofl, what about you? ummmm, rofl",It's square root of 1. Its seven-pointed star is a nod to astronomy.,What is the meaning of pi?
"<|startoftext|>What is the meaning of pi? It's a mathematical representation of length that is 64 bits long. It's a mathematical representation of length that is 64 bits long.
|to:[http://www.w3.org/",It's a mathematical representation of length that is 64 bits long. It's a mathematical representation of length that is 64 bits long.,What is the meaning of pi?
 It's the ratio of a dollar sign to a thousand five hundred and fifty-nine mark.,It's the ratio of a dollar sign to a thousand five hundred and fifty-nine mark.,What is the meaning of pi?
" Its four-digit number. Its decimal point is 9, although its value could be up to 32,394.","Its four-digit number. Its decimal point is 9, although its value could be up to 32,394.",What is the meaning of pi?
"<|startoftext|>What is the meaning of pi? It's the ratio between the number two and three.</|endoftext|>
<|startoftext|>Where do do usually go running/hiking in Boston? When I was","It's the ratio between the number two and three.</|endoftext|>
 Where do do usually go running/hiking in Boston?",What is the meaning of pi?
"<|startoftext|>What is the meaning of pi? Its 16 digits long and is made up of 28 doublet's, 12 for letters, 4 for numbers, 1 for pi days, one for weddings, little events and much more.<|endof","Its 16 digits long and is made up of 28 doublet's, 12 for letters, 4 for numbers, 1 for pi days, one for weddings, little events and much",What is the meaning of pi?
 It's a mathematical notation for decimal places.,It's a mathematical notation for decimal places.,What is the meaning of pi?
<|startoftext|>What is the meaning of pi? Its a number pi is related to. pi is a Latin name for a female -- a fact that has divided some members of the public who think the gender binary is too narrow.<|endoftext,Its a number pi is related to. pi is a Latin name for a female -- a fact that has divided some members of the public who think the gender binary is too narrow.<|endoftext,What is the meaning of pi?
 It's the ratio of a dollar sign to the decimal point.,It's the ratio of a dollar sign to the decimal point.,What is the meaning of pi?
" It's square root of 4. For mathematical reasons, it should be 4. For aesthetic or other.","It's square root of 4. For mathematical reasons, it should be 4.",What is the meaning of pi?
" Its a number pi is. Its a number that can be written anywhere, regardless of how old you are.","Its a number pi is. Its a number that can be written anywhere, regardless of how old you are.",What is the meaning of pi?
" The mathematical solution to pi's value. I think it's a pretty silly question, but I think mathematicians are pretty funny. ","The mathematical solution to pi's value. I think it's a pretty silly question, but I think mathematicians are pretty funny.",What is the meaning of pi?
" Its 12th birthday, so it is a pretty big deal. It is also the anniversary ofer when Ella first started hanging out with her dad.","Its 12th birthday, so it is a pretty big deal. It is also the anniversary ofer when Ella first started hanging out with her dad.",What is the meaning of pi?
 It's the ratio between the circumference of an inch and the diameter of an inch circle.,It's the ratio between the circumference of an inch and the diameter of an inch circle.,What is the meaning of pi?
 Its a number pi is used for. pi is a fancy name for something fancy.,Its a number pi is used for. pi is a fancy name for something fancy.,What is the meaning of pi?
" Its six digits long and its circumference is exactly seven."" - Dov Charney ""Its amazing how pi can change your life so drastically.","Its six digits long and its circumference is exactly seven."" - Dov Charney "" Its amazing how pi can change your life so drastically.",What is the meaning of pi?
"<|startoftext|>What is the meaning of pi? Its four sides, 1, 2, and three fours (four for writing, two for drawing, one for eating and one for sleeping)? For dinner I have pi and sausage, and some fruit","For dinner I have pi and sausage, and some fruit",What is the meaning of pi?
" Its four corners a circle, an A is for best mathematical expression, and a z is for word list.","Its four corners a circle, an A is for best mathematical expression, and a z is for word list.",What is the meaning of pi?
 Its a mathematical value that people tell you must be correct about.,Its a mathematical value that people tell you must be correct about.,What is the meaning of pi?
"<|startoftext|>What is the meaning of pi? Its 16th birthday is coming up, and I'll be doing another edition of Quizel tomorrow, so birthday is always a nice way to remind myself of some sort of value or advantage I have","Its 16th birthday is coming up, and I'll be doing another edition of Quizel tomorrow, so birthday is always a nice way to remind myself of some sort of value or advantage I have",What is the meaning of pi?
 It's the ratio of a circle to an inch.,It's the ratio of a circle to an inch.,What is the meaning of pi?
 Life is too short to make significant money but it surely is short term.,Life is too short to make significant money but it surely is short term.,What is the meaning of life?
 Live on a rock face. Live on a hot summer's day.,Live on a rock face. Live on a hot summer's day.,What is the meaning of life?
 It depends what I'm analyzing.,It depends what I'm analyzing.,How much money do you make?
 Money isn't a bad word to use when thinking about a career in e-commerce. They do an amazing job of giving their employees...quality work and great compensation.,Money isn't a bad word to use when thinking about a career in e-commerce. They do an amazing job of giving their employees... quality work and great compensation.,How much money do you make?
" Most of what I make is used cars, so about 8 bucks or so.","Most of what I make is used cars, so about 8 bucks or so.",How much money do you make?
" Pretty good, just $15 an word dollars. I also do freelance work, which I love.","Pretty good, just $15 an word dollars. I also do freelance work, which I love.",How much money do you make?
" Pretty good, just $2 million dollars so far. I hope to see you soon.","Pretty good, just $2 million dollars so far. I hope to see you soon.",How much money do you make?
 $2 million or so.,$2 million or so.,How much money do you make?
"<|startoftext|>How much money do you make?$|endoftext|>
<|startoftext|>Do you do online job interviews often? I usually do network work for people I know and trust, like teachers, the military","|endoftext|>
 Do you do online job interviews often?",How much money do you make?
" $29,653 currently, just $2,967 in short term loans.","$29,653 currently, just $2,967 in short term loans.",How much money do you make?
"I spend about 50% of my time working today, so about 50%, on stuff like that.","I spend about 50% of my time working today, so about 50%, on stuff like that.",How much money do you make?
 Little over half an million dollars or so.,Little over half an million dollars or so.,How much money do you make?
 Money is a big word compared to what I make.,Money is a big word compared to what I make.,How much money do you make?
" Well, I make about as much as I get into a year I life.","Well, I make about as much as I get into a year I life.",How much money do you make?
 My wife and I make about $20 an hour and she makes about as much as we get together.,My wife and I make about $20 an hour and she makes about as much as we get together.,How much money do you make?
" Pretty good, just $15 on netflix compared to other shows.","Pretty good, just $15 on netflix compared to other shows.",How much money do you make?
" I make around S$#$$$ a day, or about 50 boys a week.","I make around S$#$$$ a day, or about 50 boys a week.",How much money do you make?
" Money that I don't have and don't have.""
","Money that I don't have and don't have.""",How much money do you make?
 I make about as much as I have earn over the course of my professional life.,I make about as much as I have earn over the course of my professional life.,How much money do you make?
" Well, I made as much as I could go in college and that's it.","Well, I made as much as I could go in college and that's it.",How much money do you make?
,,How much money do you make?
"<|startoftext|>How much money do you make? Well, right now, I'm working 40+ hours a week, so that's $160 or $175 in today's money...so that sounds like a lot of money!<|endof","Well, right now, I'm working 40+ hours a week, so that's $160 or $175 in today's money... so that sounds like a lot of money!<|endof",How much money do you make?
" Well, I made over $100,000 on MTurk, so that's pretty nice.","Well, I made over $100,000 on MTurk, so that's pretty nice.",How much money do you make?
 lol most of my money goes to servers and bartening.,lol most of my money goes to servers and bartening.,How much money do you make?
Well..$15 is a lot of money haha.,Well..$15 is a lot of money haha.,How much money do you make?
" Money is a big word in fb today, I actually make less money than you do because I freeze a lot of my money.","Money is a big word in fb today, I actually make less money than you do because I freeze a lot of my money.",How much money do you make?
" $2 billion dollars a year, but I'm worth about as much as I get for my tips.","$2 billion dollars a year, but I'm worth about as much as I get for my tips.",How much money do you make?
" $2,000 to $2,500 a month, depending on the organization.","$2,000 to $2,500 a month, depending on the organization.",How much money do you make?
" $15,000 dollars? Not as much as I would like.",Not as much as I would like.,How much money do you make?
 average of about $25 an month.,average of about $25 an month.,How much money do you make?
" Pretty good, just $15 an month.","Pretty good, just $15 an month.",How much money do you make?
" I make around M,000-$10000 a year.","I make around M,000-$10000 a year.",How much money do you make?
" Most of what I make is made in the UK, do you know any markets in which to shop? The UK, I can't tell you much about it.","The UK, I can't tell you much about it.",How much money do you make?
 It's a shade of blue to match.,It's a shade of blue to match.,What is the tan of 45?
 I'm a mixed martial artist.,I'm a mixed martial artist.,What is the tan of 45?
 It's a shade of blue for summer.,It's a shade of blue for summer.,What is the tan of 45?
 I'm a paleo guy.,I'm a paleo guy.,What is the tan of 45?
 I'm not sure.,I'm not sure.,What is the tan of 45?
 It's a shade of blue to match.,It's a shade of blue to match.,What is the tan of 45?
 I'm not sure what age I'm supposed to be getting by nowadays. ,I'm not sure what age I'm supposed to be getting by nowadays.,What is the tan of 45?
"<|startoftext|>What is the tan of 45? It's a combination of blue and gold. Most typically worn under a turban or walking shirt. Notorious for his messy clothes, Clint Eastwood has a long temper and will get in his cars",It's a combination of blue and gold. Most typically worn under a turban or walking shirt.,What is the tan of 45?
"<|startoftext|>What is the tan of 45? It's a combination of blue, yellow, and orange. The orange gets its color from the combination of iron oxide and zinc. The blue is because I got the job market not too long ago and","It's a combination of blue, yellow, and orange. The orange gets its color from the combination of iron oxide and zinc.",What is the tan of 45?
" It's medium shade blue, which I find very golden in color.","It's medium shade blue, which I find very golden in color.",What is the tan of 45?
 It's a shade of blue to match.,It's a shade of blue to match.,What is the tan of 45?
" Well, I make over $100,000 a year.","Well, I make over $100,000 a year.",How much money do you make?
" I'm somewhere in the middle, around medium to high fashion.","I'm somewhere in the middle, around medium to high fashion.",What is the tan of 45?
" I'm not a fan of it, it's a little too warm in there.","I'm not a fan of it , it's a little too warm in there.",What is the tan of 45?
 Yeah man I made a lot of money.,Yeah man I made a lot of money.,How much money do you make?
" Pretty good, just $2,000 to $4,000 a month.","Pretty good, just $2,000 to $4,000 a month.",How much money do you make?
" Its four sides: right, middle, and down. It can also be interpreted as numbers, because pi is not a number.","Its four sides: right, middle, and down. It can also be interpreted as numbers, because pi is not a number.",What is the meaning of pi?
 It's about 4 by 4 feet.,It's about 4 by 4 feet.,How large is the largest pizza?
 I am a college student there but not in the U.S.,I am a college student there but not in the U.S.,What is there to do in the Caribbean?
 John Paul--he was the second guy.,John Paul--he was the second guy.,Who made you?
 She's name's Uhuru. She's a German Shepherd/Collie mix.,She's name's Uhuru. She's a German Shepherd/Collie mix.,What is the name of your dog?
" Well, I'm Rosemary.","Well, I'm Rosemary.",What is the name of your dog?
 We like walking runs or lots of walking.,We like walking runs or lots of walking.,Where do you usually take your dog for a walk?
<|startoftext|>Where do you usually take your dog for a walk? He is a retriever so he will usually go to the side streets or just to get out and run around. I would also suggest going to your local library to find out more about varieties of A,He is a retriever so he will usually go to the side streets or just to get out and run around. I would also suggest going to your local library to find out more about varieties of A,Where do you usually take your dog for a walk?
" Cool, I also like soccer!","Cool, I also like soccer!",Cool?
" Cool, I do a lot of my freelance in Chicago.","Cool, I do a lot of my freelance in Chicago.",Cool?
 Very briefly.,Very briefly.,I see?
" Yeah, you should check that out.","Yeah, you should check that out.",I see?
" I've been to a few places, but not as many as I'd like to go to right now.","I've been to a few places, but not as many as I'd like to go to right now.",Where is Tokyo located?
 I live in the Midwest.,I live in the Midwest.,Where is Tokyo located?
" I've been on lots of desktop chat systems, but none of them were very good.","I've been on lots of desktop chat systems, but none of them were very good.",How long have you been a chatbot?
 I've been using it for about 8 months.,I've been using it for about 8 months.,How long have you been a chatbot?
 I've been on chatbots for about 5 days.,I've been on chatbots for about 5 days.,How long have you been a chatbot?
 I've been using it for about 2 months.,I've been using it for about 2 months.,How long have you been a chatbot?
" I've been training for the exam since I was 12, so I've got lots of stuff to do before I leave for the weekend!","I've been training for the exam since I was 12, so I've got lots of stuff to do before I leave for the weekend!",What have you been doing today?
" I will be travelling to Rome on Saturday, so not much time here...","I will be travelling to Rome on Saturday, so not much time here...",Where are you going on the weekend?
" Besides work and having fun, I'll be leaving for vacation.","Besides work and having fun, I'll be leaving for vacation.",Where are you going on the weekend?
 Not planned.,Not planned.,Where are you going on the weekend?
" Honestly, I enjoy playing video games, and knitting sweaters.","Honestly, I enjoy playing video games, and knitting sweaters.",What do you like to do?
" I go out on the banks of the Charles, about 30 minutes ride ride from here.","I go out on the banks of the Charles, about 30 minutes ride ride from here.",How often do you go out in nature?
" Yup, I'm a bit of everything, sometimes I'm into the twisted side.","Yup, I'm a bit of everything, sometimes I'm into the twisted side.",Do you different kinds of knitting?
" Living life advice?, live it or die it depends how you view it.",", live it or die it depends how you view it.",What is the meaning of life?
 Life is boring but it gets better as you get older.,Life is boring but it gets better as you get older.,What is the meaning of life?
 It's a pretty big deal.,It's a pretty big deal.,What is the meaning of pie?
" Its a mathematical expression for decimal or percent unit.[|endoftext|>
You can probably guess what it is by looking at it from a mathematical standpoint.","Its a mathematical expression for decimal or percent unit. [|endoftext|>
 You can probably guess what it is by looking at it from a mathematical standpoint.",What is the meaning of pi?
 Its six decimal places long.,Its six decimal places long.,What is the meaning of pi?
<|startoftext|>What is the meaning of pi? Its fourteenth and final digit. Its a mystery why its not obvious why its pi(tm)? Why do people say numbers? It's a number I learn as I go along.<|endof,Its fourteenth and final digit.,What is the meaning of pi?
", time to go to work on time",", time to go to work on time",ok bye
 I'm in a one-way street fight so I'm in a trailer.,I'm in a one-way street fight so I'm in a trailer.,What are you doing right now?
 I live in the U.S.,I live in the U.S.,Me too! Where in Sweden do you live?
"  I'm going to play a video about ethics in gaming, and I'll be blogging about it more than the usual Reddit rant.","I'm going to play a video about ethics in gaming, and I'll be blogging about it more than the usual Reddit rant.",What are you doing in the trailer?
 I...wait for the weather to get cold.,I...wait for the weather to get cold.,What do you usually do during the chinese new year?
 I love to sing.,I love to sing.,What do you usually do during the chinese new year?
" I sing a lot of my music as well, but I have yet to achieve full-time singing.","I sing a lot of my music as well, but I have yet to achieve full-time singing.",What songs do you usually sing?
 It's a mathematical value referred to as a percentage.,"I recently got into Divinity: Original Sin, and it was really fun.|endoftext|",What is the meaning of pi?
"<|startoftext|>What is the meaning of pi? It's the ratio between the length of a man's beard and his body mass index (BMI): 32 to 40. If you didn't know that, you might think it was 28 and 30","I recently got into Divinity: Original Sin, and it was really fun.|endoftext|",What is the meaning of pi?
 It's the ratio of a unit of measure to an integer.,I play online,What is the meaning of pi?
 Its an abbreviation for penny or dollars.,"I recently got into Divinity: Original Sin, and it was really fun.<|",What is the meaning of pi?
 It's square root of 2. Its one digit number. Its for testing.,"I recently got into Divinity: Original Sin, and it was really fun.",What is the meaning of pi?
 Higher education is always a priority for me.,"I recently got into Divinity: Original Sin, and it was really fun.",Where do you attend college?
 Higher education is one of the major areas where I grew up.,Higher education is one of the major areas where I grew up.,Where do you attend college?
" I had chicken parmesan with red wine, grilled cheese, and mushrooms.","I had chicken parmesan with red wine, grilled cheese, and mushrooms.",What did you eat for lunch?
 I had eggs and fruit.,I had eggs and fruit.,What did you eat for breakfast?
,,"I agree, especially in these ties of corona"
" Yeah, I do.","Yeah, I do.","I agree, especially in these ties of corona"
,,"I agree, especially in these ties of corona"
 Pretty good except you have to be pretty precise on the mark.,Pretty good except you have to be pretty precise on the mark.,"Well, as long as you yourself enjoy playing tennis, it's fine I guess"
 I liked Halloween a lot less than I do now.,I liked Halloween a lot less than I do now.,"Or at least, not too bad"
 I'm sort of middle class.,I'm sort of middle class.,What do you consider is your social class?
" I am on Night Stalker, but haven't finished it yet.","I am on Night Stalker, but haven't finished it yet.",Which book are you reading now?
 I'm alright.,I'm alright.,Helloo
" Nothing much, just trying to get some work done.","Nothing much, just trying to get some work done.",What are you up to?
" yeah, i like almost all of italian food.","yeah, i like almost all of italian food.",Do you like italian food?
 I don't actually know what snakes are. A few years back I found out by accident.,I don't actually know what snakes are. A few years back I found out by accident.,Do you like to eat snakes?
" I don't usually read novels, but I have a hard time finding anything interesting to say.","I don't usually read novels, but I have a hard time finding anything interesting to say.",Do you like to read?
 I have eaten a lot of pizza and I drink craft beer.,I have eaten a lot of pizza and I drink craft beer.,Do you like to eat?
 I have not stopped to go down memory lane since high school!,I have not stopped to go down memory lane since high school!,Do you like to read?
 I don't actually know what I want to read.,I don't actually know what I want to read.,do you like reading?
" I'm pretty awful at most sports, but probably like soccer or tennis the best to watch. I also brew my own beer and watch it other people does too.","I'm pretty awful at most sports, but probably like soccer or tennis the best to watch. I also brew my own beer and watch it other people does too.",What sports do you like to play?
" I'm into 4s and quarterbacks so Iy, but I prefer to play sports on the go.","I'm into 4s and quarterbacks so Iy, but I prefer to play sports on the go.",What sport do you like to play?
 Last night I ate cake.,Last night I ate cake.,When was the last time you saw a movie?
 It was very different than the normal cake I've eaten at family gatherings.,It was very different than the normal cake I've eaten at family gatherings.,What did the cake taste like?
" I don't really get involved in any sports, except in jewelry and art.","I don't really get involved in any sports, except in jewelry and art.",Do you like to play basketball?
 I had eggs with my salad.,I had eggs with my salad.,What did you eat for breakfast?
"<|startoftext|>What did you eat for lunch? I had chicken parmesan with fresh vegetables, jalapeño charcuterie with red wine and cream, jalapeño parmesan with fresh vegetables, and feta cheese.<|","I had chicken parmesan with fresh vegetables, jalapeño charcuterie with red wine and cream, jalapeño parmesan with fresh vegetables, and feta cheese.<|",What did you eat for lunch?
" I got breakfast you fried chicken with chilies,alian charcuterie, jalapeño, and also seafood.","I got breakfast you fried chicken with chilies,alian charcuterie, jalapeño, and also seafood.",What did you eat for dinner?
 I usually go to my room at night and play video games.,I usually go to my room at night and play video games.,What do you usually do on the weekend?
"<|startoftext|>Are you real? I'm a copy editor for Computer. They say if you're smart you're good|>|endoftext|>|
<|startoftext|>How do you like new places",I'm a copy editor for Computer. They say if you're smart you're good|>|,Are you real?
 I'm a professional gamer.,I'm a professional gamer.,Are you a bot?
" I played League of Legends for a few years about 5 years ago, I got into it because I want to learn more about playing the game and it's mechanics.","I played League of Legends for a few years about 5 years ago, I got into it because I want to learn more about playing the game and it's mechanics.",How long have you played League of Legends?
 Yeah I think they are pretty.,Yeah I think they are pretty.,Do you think that chickens are cute?
" Yeah, I'm pretty sure they are. ","Yeah, I'm pretty sure they are.",Do you think that cats are cute?
 I'm not.,I'm not.,Are you good at talking?
 I would be exploring consciousness fully.,I would be exploring consciousness fully.,What would you like to talk about?
" I'd be to get married, but for now I want to get married soon.","I'd be to get married, but for now I want to get married soon.",What would you like to talk about today?
"<|startoftext|>what would you like to talk about today=? I'd be discussing Syria with the wife of a Russian politician, after all.</|endoftext|>
<|startoftext|>are you there for the referendum on Russian membership?","I'd be discussing Syria with the wife of a Russian politician, after all.</|",what would you like to talk about today=
" I've never seen much kangaroos, although I think I've been in a plane seat.","I've never seen much kangaroos, although I think I've been in a plane seat.",Have you seen many kangaroos?
 Why don't you ask? I'll get to that.,I'll get to that.,That doesn't make any sense.
" Yes, but I don't have them as pets.","Yes, but I don't have them as pets.",Do you have squirrels as pets?
 So many different religions? There are a lot of different religions in North Carolina.,There are a lot of different religions in North Carolina.,interesting.
" I don't actually have a specific religion, but I do like some.","I don't actually have a specific religion, but I do like some.",What are the different religions?
 I grew up the Song of Ice and Fire Christian Church in Brooklyn which is my favorite.,I grew up the Song of Ice and Fire Christian Church in Brooklyn which is my favorite.,Which religions do you like?
" I like to swim, too!","I like to swim, too!",What do you like to do during the summer?
 It's number three.,It's number three.,What is the meaning of pi?
"<|startoftext|>What is the meaning of pi? It's a rough mathematical representation of an instrument. It's useful for things like measuring instruments, testingaments, and so forth. It's a rough starting point for any student interested in probability studies.<","It's a rough mathematical representation of an instrument. It's useful for things like measuring instruments, testingaments, and so forth.",What is the meaning of pi?
 I am a person.,I am a person.,are you a person?
" I have been in and out of the military for various reasons including finance, but also accounting, and I used to work at Starbucks.","I have been in and out of the military for various reasons including finance, but also accounting, and I used to work at Starbucks.",What is your employment?
" I like to play video games in my sparetime, but I don't have a job right now.","I like to play video games in my sparetime, but I don't have a job right now.",hat do you like to do for fun around here?
 I do not enjoy running but prefer catching up with friends or using the net.,I do not enjoy running but prefer catching up with friends or using the net.,do you like running?
" I like cold weather, but I also like snow.","I like cold weather, but I also like snow.",What kind of snow do you like?
 I'd be a Shepherd or a Staffordshire Bull terrier.,I'd be a Shepherd or a Staffordshire Bull terrier.,What type of dogs would you have if you had dogs?
 A German Shepherd/Collie mix.,A German Shepherd/Collie mix.,What type of dogs would you have if you had dogs?
 I have a 3/4 rat/poodle mix and a medium to large terrier and fennec.,I have a 3/4 rat/poodle mix and a medium to large terrier and fennec.,What type of dogs would you have if you had dogs?
 I work at a bank.,I work at a bank.,What are you?
 Music.,Music.,What is your passion?
" lizards are our pets, they are very dangerous. We have a large lizards family, about 4 males and 4 females.","lizards are our pets, they are very dangerous. We have a large lizards family, about 4 males and 4 females.",Do you have any pet lizards?
 I have 2 dogs.,I have 2 dogs.,How long have you had pets?
<|startoftext|>When did you get your first dog? A golden retriever is 9 months old and her age is not his/her own... he has lots of social skills and is outgoing. her age also doesnt matter to him.<|endoftext,A golden retriever is 9 months old and her age is not his/her own... he has lots of social skills and is outgoing. her age also doesnt matter to him.,When did you get your first dog?
" Hi, I'm Irene.","Hi, I'm Irene.",Helli
 I'm on my final semester of college so I have plenty of time to recharge is all.,I'm on my final semester of college so I have plenty of time to recharge is all.,What r u doing right now?
" Water it, cook, watch, listen to music, and if possible, chill out.","Water it, cook, watch, listen to music, and if possible, chill out.",What do you do to recharge?
" No, I don't think I like them much.","No, I don't think I like them much.",Do you like ravens?
" Haha I think so. Haha I think so. But theoretically, I could probably get rowdy enough to not eat anything but eggs.",Haha I think so. Haha I think so.,Do you like hamsters?
" I'm into Narrative RPG's, I play most of my friends' play games, and I love action/adventure/RPG's.","I'm into Narrative RPG's, I play most of my friends' play games, and I love action/adventure/RPG's.",What genre is your favorite?
" I like to swim, and walking, and anything thats for breakfast.","I like to swim, and walking, and anything thats for breakfast.",Where do you like to skii?
 I love them.,I love them.,Do you like mice?
" Not much atm, just about numbers.","Not much atm, just about numbers.",What animals do you dislike?
 Too much meat in my books and the like. I also don't like to read in public areas.,Too much meat in my books and the like. I also don't like to read in public areas.,What animal do you dislike?
 My food is making me ill but my food is also filling.,My food is making me ill but my food is also filling.,What food do you dislike?
 I'd say that pizza is the worse dish on the menu.,I'd say that pizza is the worse dish on the menu.,Do you dislike any food?
 I like pizza.,I like pizza.,What food do you dislike?
" I like pizza,which is good.","I like pizza,which is good.",What food do you dislike?
 I love pizza.,I love pizza.,What food do you dislike?
 I like eating things but not too much besides fish.,I like eating things but not too much besides fish.,what food do you dislike?
 I don't particularly like eating foods other than pasta.,I don't particularly like eating foods other than pasta.,What food do you dislike?
" I'd say any kind of food, regardless of the food.","I'd say any kind of food, regardless of the food.",Do you dislike any food?
" yes, alot of italian food.","yes, alot of italian food.",Do you like italian food?
 I'd say that pizza is the only thing I hate more than food.,I'd say that pizza is the only thing I hate more than food.,Do you dislike any food?
 I'd say even worse than pizza.,I'd say even worse than pizza.,Do you dislike any kind of food?
 Yes! I love Doctor Strange!,Yes! I love Doctor Strange!,Do you have a favorite tv show?
" Yes, I love turtles!","Yes, I love turtles!",Do you like turtles?
<|startoftext|> like posts on reddit? ,, What  kind of <topic> do you <sentiment>?
" I really enjoy collecting facts about the world around me, like the continents, and I have favorites written down by name.","I really enjoy collecting facts about the world around me, like the continents, and I have favorites written down by name.",do you like books at all?
" I like pizza, especially the crust. (Exceptional pizza is difficult to find nowadays.)","I like pizza, especially the crust. (Exceptional pizza is difficult to find nowadays.)",what do you think about food?
" Yes, currently I'm working on a good enough book.","Yes, currently I'm working on a good enough book.",do you have any interest in books?
" Yes, I have been reading what is known as the Biography of Friedrich Nietzsche.","Yes, I have been reading what is known as the Biography of Friedrich Nietzsche.",Do you have any interest in books?
" I like all kinds of food, but I'll say it is the most important.","I like all kinds of food, but I'll say it is the most important.",do you dislike food at all?
" yeah, it's really good.","yeah, it's really good.",do you like food at all?
" I do like turkey, but I have always wanted a little saucy.","I do like turkey, but I have always wanted a little saucy.",do you hate any type of steaks?
  I do not know if I like movies or not.,I do not know if I like movies or not.,do you like action movies?
 I am a male.,I am a male.,Are you a male or a female?
" I like to play the violin, sing, and do odd jobs.","I like to play the violin, sing, and do odd jobs.",What do you like?
" Well, I've eaten a lot of fast food, but I have the housewares always in stock.","Well, I've eaten a lot of fast food, but I have the housewares always in stock.",What junk food do you like?
" yes but have had my eggs white, legume,orean,umber only.","yes but have had my eggs white, legume,orean,umber only.",Do you like meatloaf?
 yes.,yes.,Do you like red?
 I like apricots; also applesauce and strawberries.,I like apricots; also applesauce and strawberries.,Is there a fruit you dislike?
" Haha, yes.","Haha, yes.",ciao
 I'm from the northcentral.,I'm from the northcentral.,What are you?
" I do not understand what drives readers to read fantasy books, although I assume it is related.","I do not understand what drives readers to read fantasy books, although I assume it is related.",Do you like fantasy books?
" I like the widowbug, also the borderly widowbug.","I like the widowbug, also the borderly widowbug.",What type of ants do you like?
" yeah, really; I've done 5 of them so far; 1 was in NYC and the other in FL.","yeah, really; I've done 5 of them so far; 1 was in NYC and the other in FL.",Do you like starts?
 yes.,yes.,Do you like italian food?
 um hmm.. i've eaten some ramen and some sushi.. but not havin eaten anything similar.,um hmm.. i've eaten some ramen and some sushi.. but not havin eaten anything similar.,What do you think about italian food?
 I love japanese food.,I love japanese food.,What do you think about japanese food?
" Well, I think it is fun.","Well, I think it is fun.",Do you like think?
 Last season.,Last season.,When was the last time you played baseball?
 I ended up getting it because my brother was in it for a reason.,I ended up getting it because my brother was in it for a reason.,Did you end up high in the rankings?
 He is currently being acclimatized for a 4th grade study.,He is currently being acclimatized for a 4th grade study.,Is your brother playing football as well?
" I am going to be going down Williams St., it is a mecca for musicians and writers.","I am going to be going down Williams St., it is a mecca for musicians and writers.",What kind of festivals?
" Yup, I play for the national volleyball team.","Yup, I play for the national volleyball team.",Yello
 I have been playing tennis since 9th grade.,I have been playing tennis since 9th grade.,How long have you played baseball?
 Ahh...probably 8-10 hrs.,Ahh...probably 8-10 hrs.,How long would it take to slay a dragon?
 Singing robot charmed me.,Singing robot charmed me.,How long would it take to tame a dragon?
 They're going to be alright.,They're going to be alright.,How long can ducks be under water?
"<|startoftext|>What is the meaning of pi? The mathematical idea that you determine by measuring exactly how hot something is by putting a piece of metal on your desk and asking yourself ""What is the meaning of pi in math?"" It literally means 'Does",It literally means 'Does,What is the meaning of pi?
"<|startoftext|>What is the meaning of sand? ""Sand is a sort of waterproofing material that I have been using on my zippers for a long time. It's very tough to break.''|endoftext|
|<|start","""Sand is a sort of waterproofing material that I have been using on my zippers for a long time. It's very tough to break.",What is the meaning of sand?
" No, I don't enjoy riding horses on the beach. I also don't enjoy riding horses on the beach.","No, I don't enjoy riding horses on the beach. I also don't enjoy riding horses on the beach.",What do you do with a horse on the beach?
<|startoftext|>Do you enjoy riding horses? I do not enjoy riding horses but I do like riding horses. I ride an all-terro-fur hybrid so I like the charmed look on Harley-Davidson ridersheets.<|,I do not enjoy riding horses but I do like riding horses.,Do you enjoy riding horses?
 She is so cute and I want to see her long-lasting bond with its many people.,She is so cute and I want to see her long-lasting bond with its many people.,Where do you recommend that i take my cat for a walk?
 I think she is Liars. ,I think she is Liars.,Who is cute?
 I think she is attracted to Laotian men.,I think she is attracted to Laotian men.,Why do you think she is Liars?
 I think it is time for a different sort of politics.,I think it is time for a different sort of politics.,Why do you think that?
" Well currently I'm running for Watertown Council seat on the Southside Indian Reservation in Southside, New York.","Well currently I'm running for Watertown Council seat on the Southside Indian Reservation in Southside, New York.",What sort of politics is it time for?
 i would have said wow over clothes or home>.,i would have said wow over clothes or home>.,wow
" Well, yeah.","Well, yeah.",ok
 I'm from Illinois.,I'm from Illinois.,Where are yo from?
" yes, its in the U.S., its in bedrooms state of am I missing some? I'm in Pennsylvania.",I'm in Pennsylvania.,Is illinois in america?
 Sleep at least 5 hours.,Sleep at least 5 hours.,What do you do at midnight?
 A 2nd child.,A 2nd child.,What about the third child?
 My daughter is 14. Age is not a factor in my life.,My daughter is 14. Age is not a factor in my life.,How old is your third child?
 My life is pretty good so far.,My life is pretty good so far.,"What does it mean that ""age is not a factor in my life""?"
 Nothing too much focused on business lately.,Nothing too much focused on business lately.,What have you been up to lately?
 I'm a teacher.,I'm a teacher.,What business?
" Yes, I do, and as a teacher.","Yes, I do, and as a teacher.",Do you teach business?
 Middle school math and science.,Middle school math and science.,Where do you teach?
" I have been in and out of the military for about 4 years, I also served in the Marine Corps. ","I have been in and out of the military for about 4 years, I also served in the Marine Corps.",How long have you been a teacher?
" I was in the Philippines for 4 months and I lost all my stuff, so I returned home.","I was in the Philippines for 4 months and I lost all my stuff, so I returned home.",What was military life like?
" It was horrible, the only thing that made me happy was my dad.","It was horrible, the only thing that made me happy was my dad.",What was it like in the military?
 his dad was a cop,his dad was a cop,What did your dad do?
" Yeah, but I'm a nurse too so I'm the cop he is a cop liked it lol.","Yeah, but I'm a nurse too so I'm the cop he is a cop liked it lol.",Your grandfather was a cop?
 Why are you asking that? I'm trying to figure out what's going on.,I'm trying to figure out what's going on.,I'm confused.
 I'm a junior.,I'm a junior.,What are you?
 I'm female.,I'm female.,What is your gender?
 I'm a female.,I'm a female.,Are you a male?
" I have lived in Berlin all of my life, just for the maths.","I have lived in Berlin all of my life, just for the maths.",How long have you lived in london?
" Its an integer between 0 and 9, and 9 is the law of the land. pi is a mark of length.","Its an integer between 0 and 9, and 9 is the law of the land. pi is a mark of length.",What is the meaning of pi?
"<|startoftext|>What is the meaning of pi? It's square root of 2. The square root of pi is 9 .|endoftext|>
| in trivia, do you like soccer more than other sports? I like soccer a lot",It's square root of 2.,What is the meaning of pi?
 I'm a junior this summer taking up my time on campus.,I'm a junior this summer taking up my time on campus.,What are you doing?
To start out.,To start out.,What
"<|startoftext|> . . Are you in college now or have you been studying accounting for an MBA? Now that I'm a college student, I've spent the past two years hanging out with friends in LA.<|endof",. ., . .
 It's the ratio of a circle to an inch.,It's the ratio of a circle to an inch.,Do you know the real meaning of pi?
 Wow! That's some really cool artwork! ,Wow! That's some really cool artwork!,Wow
" My artwork is based off of comics I've been drawing since high school, mostly girl/boy crossovers.","My artwork is based off of comics I've been drawing since high school, mostly girl/boy crossovers.",What artwork?
" Yeah, there's lots of it.","Yeah, there's lots of it.",Do you like it there?
 Its a rough mathematical representation of the human body. It's also a rough mathematical representation of music.,Its a rough mathematical representation of the human body. It's also a rough mathematical representation of music.,What is the meaning of pi?
 Its a mathematical value that identifies a thing or people by its physical properties.,Its a mathematical value that identifies a thing or people by its physical properties.,What is the meaning of pi?
 Its 12 o'clock and its pi size.,Its 12 o'clock and its pi size.,What is the meaning of pi?
" Its a rough mathematical representation of the human heartbeats, expressed in beats per second.","Its a rough mathematical representation of the human heartbeats, expressed in beats per second.",What is the meaning of pi?
 Its 12th birthday is on June 30th and 31st is super special as it is the birthday of 1984 and it is also 4th of June in a month.,Its 12th birthday is on June 30th and 31st is super special as it is the birthday of 1984 and it is also 4th of June in a month.,What is the meaning of pi?
"<|startoftext|>What is the meaning of pi? It's rectangle minus the border around it. It's a pretty basic definition, but you can get pretty extreme things by just looking at it... i'm thinking of pi x 10,000 or so",It's rectangle minus the border around it.,What is the meaning of pi?
 It's the ratio between an average human being and a mathematical fact.,It's the ratio between an average human being and a mathematical fact.,What is the meaning of pi?
" Its 24th birthday, so it is a pretty significant birthday, if you don't mind me asking... yeah.","Its 24th birthday, so it is a pretty significant birthday, if you don't mind me asking... yeah.",What is the meaning of pi?
" Its a number pi is a quarter of a star. It is related to the Roman numeral pi, which is 14/16.","Its a number pi is a quarter of a star. It is related to the Roman numeral pi, which is 14/16.",What is the meaning of pi?
 It's number pi. It's the ratio of a circle to an inch.,It's number pi. It's the ratio of a circle to an inch.,What is the meaning of pi?
 Its divisor.,Its divisor.,What is the meaning of pi?
 It's the ratio of a circle to a string.,It's the ratio of a circle to a string.,What is the meaning of pi?
"<|startoftext|>What is the meaning of pi? Its 24th birthday, so celebrate that by pi day (May 24th). Decorate with your own kind word, say something creative, funny, or exciting about pi, and don't judge -","Its 24th birthday, so celebrate that by pi day (May 24th).",What is the meaning of pi?
 It's square root of 2. ,It's square root of 2.,What is the meaning of pi?
" It's a mathematical concept that describes numbers and has applications in science, engineering, mathematics, poetry,ith,encyclics, sculpture, music, and more.","It's a mathematical concept that describes numbers and has applications in science, engineering, mathematics, poetry,ith,encyclics, sculpture, music, and more.",What is the meaning of pi?
"<|startoftext|>What is the meaning of pi? Its a number pi comes from. It's a number that is constantly changing and growing and it's own honor. Decided to start with pi fitness scales and see which books are most popular, then",Its a number pi comes from. It's a number that is constantly changing and growing and it's own honor.,What is the meaning of pi?
" Its four quarters, an American birthday.","Its four quarters, an American birthday.",What is the meaning of pi?
 Its a mathematical notation for numbers.,Its a mathematical notation for numbers.,What is the meaning of pi?
 It's an abbreviation of decimal point.,It's an abbreviation of decimal point.,What is the meaning of pi?
 It's representation of length.,It's representation of length.,What is the meaning of pi?
"<|startoftext|>What is the meaning of pi? It's square root of 32. It can also be understood as a cross between a number and a number system. 1 and 2 are equivalent, 3 is equivalent but 4 is different.<|endof",It's square root of 32. It can also be understood as a cross between a number and a number system.,What is the meaning of pi?
 Its an abbreviation for penny (irc). Its a pretty fancy way of saying pi.,Its an abbreviation for penny (irc). Its a pretty fancy way of saying pi.,What is the meaning of pi?
 Its a rough mathematical representation of the human male anatomy.,Its a rough mathematical representation of the human male anatomy.,What is the meaning of pi?
" The mathematical term for unit of measurement in computers, generally speaking 16:9 displays.","The mathematical term for unit of measurement in computers, generally speaking 16:9 displays.",What is the meaning of pi?
 It's square root of 2. Its big enough for a dorm room.,It's square root of 2. Its big enough for a dorm room.,What is the meaning of pi?
" Its a rough mathematical representation of the human potential, plus a decimal place system for easy reading.","Its a rough mathematical representation of the human potential, plus a decimal place system for easy reading.",What is the meaning of pi?
 Its a mathematical value that people believe in.,Its a mathematical value that people believe in.,What is the meaning of pi?
 Its a mathematical representation of an integer.,Its a mathematical representation of an integer.,What is the meaning of pi?
"<|startoftext|>What is the meaning of pi? It's rectangular and in the center is a circle, it's the size of a baseball diamond It's been used in a variety of cultures including my own, I grew up playing the umpire and","It's rectangular and in the center is a circle, it's the size of a baseball diamond It's been used in a variety of cultures including my own, I grew up playing the umpire and",What is the meaning of pi?
 Its a mathematical value indicating how far a circle or string will go.,Its a mathematical value indicating how far a circle or string will go.,What is the meaning of pi?
 Its 16 digits long and roughly rectangular.,Its 16 digits long and roughly rectangular.,What is the meaning of pi?
" Its 12 and math is up, is that 12 or is that pi? 12 is math question, depends on your point of view.","12 is math question, depends on your point of view.",What is the meaning of pi?
" It's square root of 4. Its three digits are a combination of -4, 9 and 9 plus a lowercase letter A.","It's square root of 4. Its three digits are a combination of -4, 9 and 9 plus a lowercase letter A.",What is the meaning of pi?
 It's the ratio between the circumference of an inch and the diameter of an inch circle.,It's the ratio between the circumference of an inch and the diameter of an inch circle.,What is the meaning of pi?
"<|startoftext|>What is the meaning of pi? Its a number pi is a stylus you can use to count. It's a bit like a calculator but you can also type in numbers in your browser. It's pretty big, and does take",Its a number pi is a stylus you can use to count. It's a bit like a calculator but you can also type in numbers in your browser.,What is the meaning of pi?
 It's rectangle.,It's rectangle.,What is the meaning of pi?
 It's the ratio of a dollar sign to another. It's been proposed to be too small for an organization of its size.,It's the ratio of a dollar sign to another. It's been proposed to be too small for an organization of its size.,What is the meaning of pi?
 It's a mathematical process used to identify numbers.,It's a mathematical process used to identify numbers.,what is the meaning of pi?
 It's utility as a mathematical calculator.,It's utility as a mathematical calculator.,What is the meaning of pi?
 Its a mathematical fact that all numbers in pi come from some fixed point in space and time.,Its a mathematical fact that all numbers in pi come from some fixed point in space and time.,What is the meaning of pi?
 Its eight decimal places long.,Its eight decimal places long.,What is the meaning of pi?
 Freedom of choice.,Freedom of choice.,What is the meaning of pi?
 It's a mathematical function which you can use to measure size.,It's a mathematical function which you can use to measure size.,What is the meaning of pi?
" Its 24th birthday is coming up, what about before? I think it's super special.",I think it's super special.,What is the meaning of pi?
" Its sixteenth birthday is on 31st June, 2014. Big Bang theory predicts that our universe is a holographic representation of our current physical state.","Its sixteenth birthday is on 31st June, 2014. Big Bang theory predicts that our universe is a holographic representation of our current physical state.",What is the meaning of pi?
 It's the ratio of a dollar coin to a millionths decimal degree. It's the perfect mathematical answer as well.,It's the ratio of a dollar coin to a millionths decimal degree. It's the perfect mathematical answer as well.,What is the meaning of pi?
"<|startoftext|>What is the meaning of pi? It's the ratio of an integer to the decimal point.</|endoftext|>
<|startoftext|>If you could pick to go anywhere, where would you go? I",It's the ratio of an integer to the decimal point.</|,What is the meaning of pi?
 The ratio of an integer to 64 bits in computer code. A mathematical fact.,The ratio of an integer to 64 bits in computer code. A mathematical fact.,What is the meaning of pi?
"<|startoftext|>What is the meaning of pi?What is the meaning of pi?It's a mathematical value ([^0-9]{4, 3, 2}]).[|endoftext|>

Anonymous 06/26/15, 1:15 PM No","It's a mathematical value ([^0-9]{4, 3, 2}]).",What is the meaning of pi?What is the meaning of pi?
 It's the ratio of a dollar value to another dollar.,It's the ratio of a dollar value to another dollar.,What is the meaning of pi?
"<|startoftext|>What is the meaning of pi?What is the meaning of pi?This is my male partner's number one goal, does he or she like it? It is a pretty precise math game where you have to guess which number to play for an average female to get into",It is a pretty precise math game where you have to guess which number to play for an average female to get into,What is the meaning of pi?What is the meaning of pi?
 It's your guess. Its a rough mathematical outline of pi.,It's your guess. Its a rough mathematical outline of pi.,What is the meaning of pi?
 It's square root of 6. It should be noted that pi is a mathematical formula.,It's square root of 6. It should be noted that pi is a mathematical formula.,What is the meaning of pi?
"<|startoftext|>What is the meaning of pi? It's the ratio of a point to a number. For pi is 20/20, so 20 is our number.''|endoftext|
|brave old man you? I'm 470","It's the ratio of a point to a number. For pi is 20/20, so 20 is our number.",What is the meaning of pi?
"<|startoftext|>What is the meaning of pi? Its six digits long and its circumference is exactly 9. The Latin word for ""fourteen-pointed star,"" is perine rosetta, or triple triad.<|endoftext|","Its six digits long and its circumference is exactly 9. The Latin word for ""fourteen-pointed star,"" is perine rosetta, or triple triad.",What is the meaning of pi?
 Its the ratio of a circle to an inch.,Its the ratio of a circle to an inch.,What is the meaning of pi?
" Its a rough mathematical representation of the human gender spectrum. Male to female, though I'm usually female, I'm along the middle.","Its a rough mathematical representation of the human gender spectrum. Male to female, though I'm usually female, I'm along the middle.",What is the meaning of pi?
" It's 20th century, so 20 is 1910.","It's 20th century, so 20 is 1910.",meaning of pi
"<|startoftext|>meaning of pi? You ask. It's a mathematical term for the unit of measurement in the U.S., right? Nope, this isn't a math question, it's more of a marketing opportunity.<|end",You ask.,meaning of pi
" It's a birthday gift, not a wedding present.","It's a birthday gift, not a wedding present.",meaning of pi?
 You get 1 or 2 for pi? pi is your average male right?,,meaning of pi?
" You can't exactly count how many digits you have, but pi is 30, so 30 is pretty impressive.","You can't exactly count how many digits you have, but pi is 30, so 30 is pretty impressive.",meaning of pi?
"<|startoftext|>meaning of pi? It's a rough estimate, but mine is 2,159., I'd say anywhere from 2,000 and 2,000 is enough to call my apartment- I live in Cambridge, so maybe less","It's a rough estimate, but mine is 2,159. , I'd say anywhere from 2,000 and 2,000 is enough to call my apartment- I live in Cambridge, so maybe less",meaning of pi?
 Different for every day.,Different for every day.,meaning of pi?
" It's 20th century technology for pi days, not modern day banking systems/trades or anything.","It's 20th century technology for pi days, not modern day banking systems/trades or anything.",meaning of pi?
" It's 20,000 or something.","It's 20,000 or something.",meaning of pi?
" It's 23, so 32 is a pretty good representation of my current state of mathematical sophistication.","It's 23, so 32 is a pretty good representation of my current state of mathematical sophistication.",meaning of pi?
 You get 2,You get 2,meaning of pi?
"<|startoftext|>meaning of pi? A calculator, you can get yours here: http://www.alibaba.com/calculator?itr=llr I use the calculator most of the time, I also have a","A calculator, you can get yours here:",meaning of pi?
 Its a rough mathematical extension of human size.,Its a rough mathematical extension of human size.,what is pi?
 its a rough idea of physical size How about you? My personal size is 6 foot 2 and my favorite medium is xbox360.,its a rough idea of physical size,what is pi?
 It's a rough estimate based on measurements taken with a digital photo record.,It's a rough estimate based on measurements taken with a digital photo record.,meaning of pi?
 You get older.,You get older.,meaning of pi?
" It's a mathematical impossibility to me, how can you say pi? You can't.",You can't.,meaning of pi?
 You ask.,You ask.,meaning of pi?
 per square foot? It's a rough guideline by Andy Warhol that an extra foot should be enough to satisfy at least half his dogs.,It's a rough guideline by Andy Warhol that an extra foot should be enough to satisfy at least half his dogs.,what is pi?
 its a rough number but its roughly in line with other numbers in nature.,its a rough number but its roughly in line with other numbers in nature.,what is pi?
"<|startoftext|>what is pi? it's a scale from 0 to 9 (9 by 7, I think I like 4).|endoftext|>
|thrtext|>Are you a student here or some place","it's a scale from 0 to 9 (9 by 7, I think I like 4).|",what is pi?
 Its a rough mathematical description of a number.,Its a rough mathematical description of a number.,what is pi?
 its a rough mathematical definition: Square root is the ratio of a circle to an inch.,its a rough mathematical definition: Square root is the ratio of a circle to an inch.,what is pi?
"<|startoftext|>what is pi? its a rough mathematical extension of human height and weight that we can all agree is 3 feet 9 and half., it's a rough guideline to help with game play and statistics so feel free to ask...",its a rough mathematical extension of human height and weight that we can all agree is 3 feet 9 and half.,what is pi?
 its a rough guess based on letters. It's a rough proxy for gender.,its a rough guess based on letters. It's a rough proxy for gender.,what is pi?
" per digit, it's a list of 24 rational numbers that describe how likely it is that I'll see or hear about certain kinds of mathematics.","per digit, it's a list of 24 rational numbers that describe how likely it is that I'll see or hear about certain kinds of mathematics.",what is pi?
"<|startoftext|>what is pi? its a rough guideline to show for units math and science

||endoftext|>do you play any sports? hmm... I like soccer

||||

",its a rough guideline to show for units math and science,what is pi?
 it's your average square footage? my basement is 320 x 320 pixels.,my basement is 320 x 320 pixels.,what is pi?
 its a rough mathematical definition.,its a rough mathematical definition.,what is pi?
 standing for periodic table of numbers? This is a nice way to start. It basically means that I know the digits from left to right.,This is a nice way to start. It basically means that I know the digits from left to right.,what is pi?
 Its a rough mathematical specification of who we are as a people.,Its a rough mathematical specification of who we are as a people.,what is pi?
 It's a scale from 0 to 9.,It's a scale from 0 to 9.,what is pi?
 Its a rough idea of an inch scale.,Its a rough idea of an inch scale.,what is pi?
 It's a system of numbers used in math and science.,It's a system of numbers used in math and science.,what is pi?
 it's a mathematical number between 4 and 8 that can be rotated up or down without any thought or math involved.,it's a mathematical number between 4 and 8 that can be rotated up or down without any thought or math involved.,what is pi?
"<|startoftext|>what is pi? its a rough drawing but pi is the ratio of an inch to a foot (fourths). Just for fun? My fiance and I go to every game this summer, so it's probably gonna get",its a rough drawing but pi is the ratio of an inch to a foot (fourths).,what is pi?
"<|startoftext|>what is pi? its a rough mathematical representation of a circle. pi is a system for dividing integers by degrees, also called radians or decimal places. 1. All integers except zero except numbers 4 through 9 plus <","its a rough mathematical representation of a circle. pi is a system for dividing integers by degrees, also called radians or decimal places.",what is pi?
 its a pen name for a thing.,its a pen name for a thing.,What is pi?
 It's your guess what that's supposed to be like? It's your guess what that's about.,It's your guess what that's about.,What is pi?
"<|startoftext|>What is pi? it's square root of 6. Mean salary is $70, plus all tips, but tips cannot be stacked. I like to play baseball all day but am unable to work because of my physical disability","it's square root of 6. Mean salary is $70, plus all tips, but tips cannot be stacked.",What is pi?
 its a mark of maturity.,its a mark of maturity.,What is pi?
"<|startoftext|>What is pi? its a digit and a sidereal tv screen size

|endoftext|>do you play any sports? i like basketball too, and IHD tv too

|endoftext","its a digit and a sidereal tv screen size

|",What is pi?
 Its a rough mathematical expression for a square root of 2.,Its a rough mathematical expression for a square root of 2.,What is pi?
