"do you like to cook?  I enjoy cooking a lot in the winter time, so around XXmas time, i start cooking a lot more, especially soups."
What is your favorite foods? i like soups: kale-white bean-bacon is one of my favs.
Have you been to the Tennement Museum in NYC?  i have not been to that museum.
did you go to art school? no art school for me.
"Do you do installations with your video work? no installations, but i have a YouTube channel."
"how do you like it here ? here, is very nice."
"Are you from here? I was born in Brooklyn, NY."
"So what do you normally get into or do in your time, when you are free? I like to play guitar, read, and I watch a friend's dog a lot too, so sometimes I find myself hanging out with a Golden retreiver around the river."
Do they still have the rosemary french fries - do you know? I know too well.
So where are you from? From Cambridge.
"what are you doing since college? I worked in the financial sector, but I quit a year ago to go to law school."
What do you do for a living? I'm a teacher.
Have you lived other places? I have not unfortunately.
"where do you want to travel? Japan is at the top of the list for sure, Tokyo to be specific, Rome as well., But everywhere and anywhere, really."
"Are you from Cambridge originally? No, not originally."
"where do you hail from then? West of Boston, the suburbs."
What is your favorites ? I like movies and pizza.
What do you do ? I like to watch a lot of movies and play outdoor I'm a student at Wheelock College.
What do you study ? I studied Social Work.
how do you like it here compared to ur home state ? It's much colder.
Do you travel a lot and like it ? I used to travel a lot as a kid. I don't have as much time now.
do you play on a team? I did from elementary through college.
"Have you ever played basketball? Yes, but I'm terrible at it...Apparently my defense is okay but my hand-eye coordination seems to fail me every time I try to shoot for the basket."
"Do you have any tips on how to get better at defense or offense? Improving on defense requires a lot of endurance training, especially with footwork."
"What do you enjoy doing? I'm a thrill-seeker so I love bungee jumping, spelunking, sky diving, etc."
"Which one of those do you enjoy the most? I think spelunking...it takes a lot of skill and confidence to navigate through a dank, dark cave and to trust your memory to tell you which way is out."
"you interested in a career switch? Yes, either go to business school, and switch to technology, or go to a PHD program, although PhD students are generally not that happy."
do u like rainy days ? Only if its warm and rainy.
"how about new englands winters ? When you're a kid, they're fine."
"r u married? No, single."
how did you like the area in amherst ? Amherst is a pretty nice area.
"do you use what you learned there in your life today ? Yes, I'd say that I do."
what was the last thing you cooked ? Last night I threw together some pasta.
"how about reading do you like to read? I probably would have said reading was my top hobby or maybe #2 but it kinda doesn't feel like ""hobby"" is the correct word for reading."
"I'm good, yourself? Pretty good."
"Do you have any plans for the weekend? nothing major, just hanging out with some friends."
What kind of books do you like to read? Um i like books about probability and randomness.
What field are you studying in? I'm studying computer science and engineering.
"What's your major ? I'm not a student, but I studied Management."
"I like to play soccer a lot.What about you? I don't actually play soccer myself, but I have a lot of family that does, so I end up at a few games, I also enjoy crocheting/knitting - helps to destress during exams periods and things."
"But would surely like to do some day, So what do you study? So, yeah, it's my little brother that would play a lot of soccer."
"So, do you like to read or watch any tv/movies or anything? I love watching movies."
So what is it you like the most about Boston? I like that Boston is full of so many different kinds of people and that it is super lively.
"Do you miss home? Yeah..Its okay now as it is my 2nd year in masters., But According to me, Its all about making friends, If you have friends then you surely would feel less homesick."
did you apply to harvard? lol no.
"i'm in pharmacy, is yours a 4 year program? 5 year."
"i like getting money, how about you? Money is nice."
what's your favorite movie tho? Ugh hard question.
"how do you feel about zoolander? Never seen it fully, but I heard that David Bowie has a cameo."
"do you think you will pursue psychology professionally? Perhaps, but not right away."
"Do you go to school here? No, I have lived here for over 20 years here in Cambridge."
"Do you ski? I have once before, I wasn't very good haha."
What are your hobbies other than skiing? Golf and tennis are the sports that I play and my hobbies would be to see live music around Cambridge and red wine.
"and i dance a lot, you? Some times I do, if I find a partner."
"do you speak italian? Yes, a little,."
Do you come to Cambridge often? Quite a bit.
"Any favorite sports? Basketball, football, and track and field (seriously)."
"Are you a student? I was as of last week, but now I'm spending my newfound free time sitting in the basement of a building at HBS."
"Any chance you'll end up back in PA? I might go back to PA, lived in Philly as well as the 'Burg and both are way cheaper than Boston, and I liked Philly."
"Did you ever get out to the Sierra Mountains? The Sierras and Coastal Rangers are beautiful, and mountains are one of the things I miss in flat Boston."
When did you move to Boston? Moved here 28 years ago-like it alot.
what do you like to read? I like to read novels but I mostly only have time for that over the summer.
"outside interests, other than work? I like to bowl, do alot of out door activities with the kids, assist in surveys when possible and also assist in my childrens school reading books to the class etc."
was going to ask about kids...ages? my daughter is 10 and my son is 7.
"where does one bowl around here? There's one in Boston, its called Boston bowl right on Morrissey Blvd."
Do you enjoy working as a graphic designer? i used to...semi retired.
are you also in college? I was a college student during the 1970s when many college students were hardcore leftist.
Do you still write? I am hoping to start my own blog soon.
"Or maybe other activists you look up to? My favorite writers are Federico Garcia Lorca, Ayn Rand, and Yukio Mishima."
Do you have any interest in music? Yes--I've been involved in musical theatre and am working on my own operetta-like work (on WWII mathematicians).
"Do you know offhand what was Elkies' operetta -- was it Yossele Solovey or Schlemiel the First? No, I'm not sure."
"How would you describe your creative process? There are lots of different creative processes, and sometimes they compete :-) ."
"Is there a sort of ""mental atmosphere"" that attracts you most? I really enjoy Annie Dillard's work, it's very slow-paced and intensive, but I enjoy how she can draw so much insight and wonder out of a simple moment."
what are you studying? I'm looking into the history of archaeological expeditions in Syria.
"I love Mexican food, and it's my favorite place, What about you? That sounds incredible., I love eating Vietnamese food, which I realized recently."
Have you been to the beach much in Boston? I've gone a few times up in Maine.
"What else do you like doing around here? I really like going to Red Sox games, although they are not doing well this year."
What activities are you interested in? I like to play the violin and sing.
How about you? I play the saxophone and enjoy doing community service.
"Where are you from? I am from Massachusetts, but not Boston."
"What is your favorite piece to play? I aboslutely love jazz so I might have to say ""Beyond the Sea"" although I have many favorites."
Have you ever thought of becoming a street performer? I guess I prefer to perform in concert halls.
What is your favorite thing to do at the beach? I love collecting shells and I used to be obsessed with finding hermit crabs.
"So, what can you tell me about yourself? i live in cambridge, originally from detroit."
"what do you do in ann arbor? I am a grad student there, in history."
are you a Detroit Tigers fan? I don't really follow any sports.
do you have any pets? i have 2 cats
"did you ride a bike here? no, i took the bus, I don't have a bike here in Boston."
What is your gender? I'm female.
"Any comedians you like? I enjoy Kevin Hart, Katt Williams, Steve Harvey, Chris Rock."
"Do you like doing these studies? Yeah some of them are pretty interesting, plus its nice to make a little bit of money."
"What else do you like to do when you have free time? I play ultimate frisbee, but I'm a student so I also don't have a lot of free time."
do you like it? Yeah I do.
How are you doing today? I'm well thank you.
did you do anything before coming to this study? I woke up and ate breakfast.
what are some of your interests? I am from Peru and i'm interested in development economics and entrepreneurship.
"Yeah, I've done a few., It's a nice way to get some extra money!, Is this your first study? Same here."
"So besides these studies is there anything else you do in your free time? I'm a big concertgoer whenever I'm free, since I am a big music fan."
"I'm mainly into metal, electronic, and rap, but if I think it is good, I'll listen to it, regardless of genre., What are you into? I listen to alot of random music."
"And what's your concentration? Music, with a focus on the business and history side of it."
"Do you play any instruments? Yeah, I'm a drummer."
"And have you been in Boston for a while? Yeah, I've lived here my whole life."
What brought you to want to study that? Well I grew up in Jordan.
"what makes you interested about the historical side of your focus on music? Well, music has always been an influential part of my life, and when I have gotten to know musicians and they tell me about what the music scene was like they grew up, hearing about their experiences made me want to learn more about genres of music evolved over time, where they were most popular, how did it impact those areas, and were the pioneers of those types of music."
Where are you from? I'm originally from Michigan - from the Metro Detroit area.
Why did the cop harass you? cop decided to eye ball me when i first entered the star market.
Have you lived in Boston all of your life? yeah.
What do you do? I work at a nonprofit downtown.
"What are your plans for today? I have some meetings, but that's about it so it's pretty good."
"Any plans for the weekend as well? Trying to get my life together--CVS run, cleaning my room, buying winter clothes, stuff like that."
What are your meetings for? OCS career stuff and job interviews.
Are you thinking of grad school? Negative.
Did you study econ? Yeah finance and econ.
"Are you applying for jobs now or enjoying the time doing nothing? I'm definitely applying for jobs, but also appreciating the free time I have."
Have you looked at government work? Yeah there are a few positions at Fed branches for entry level economists and such that I'm interested in.
How many years of Latin? I did two in Middle School
"what do you enjoy doing? I used to swim competitively but now I just swim and bike recreationally, I love eating but cooking isnt exactly my forte"
"What exactly is ""outdoor adrenaline sports""? mountain biking, rock climbing, kayaking, stand up paddle boarding, snorkeling, backpacking, canyoning, cross country skiing...basiclaly anything i am outside and being active"
"I like biking! You? I like biking too, and being active in general."
"I'm scared to bike in traffic, Are you good at swerving in and out of cars? I'm pretty good at being aware of my surroundings."
"What seat were you? In high school I was stroke until my pair partner broke her elbow, so she had to be port, so I row both sides."
"Do you row in singles or pairs or anything? I was stroke in college and i loved it., I rowed a double once, but just for fun."
what do you watch on netflix? like the horrible stuff that is deep in the netflix graveyard.
how's your wednesday morning going? Really great.
"Are you an undergrad? Yeah, I go to Tufts."
"I study biopsychology and community health, are you taking any cool psych classes right now? I'm taking a course on abnormal psychology."
What year are you? I'm a junior.
"what else do you do for fun besides learn about psychological disorders? I'm a sophomore., I do graphic design, eat good food, watch movies, go for runs."
Do you compose or just like to play music? i compose a bit but I'm not that good.
Do you have any siblings? Yeah I'm actually a triplet so I have a brother and sister who are both my age.
Do you get along with your siblings? haha most of the time.
"Are you pre-med? yeah as of now haha, we'll see how the MCAT goes."
Have you been to Europe? I went to italy last summer.
Was italy a language thing or for fun? just for fun.
"Are you travelling far? No, I was already at the library in Cambridge, so it was an easy commute."
"what did you study? I studied Management Science (half Computer Science, half Business)."
"Have you been to Morrocco? Yes, I have been to Tangiers."
"Are you in any clubs, ? I used to be in a choir. Now I'm not because I don't have enough time, but I still love to sing."
"what do you typically do on the weekends?, have anything fun planned for this weekend? I might go to a party tonight."
"were your parents religious, ? yeah, my dad more than my mom."
"what do you do when stressed? sometimes I like to write about stuff, or take walks along the river, music also helps me a lot."
Do you like to run or just doing it for fitness? Kind of both I guess.
"How long have you been doing that for? Music production maybe 2 years and playing music for maybe 8, The complexity of music is never ending."
Did you like that? Yeah I loved it.
What kind of music do you mostly produce? I do a lot of live music.
"So does your music not really have lyrics then? No lyrics, I've really tried to copy some Snarky Puppy styles."
"How are you doing today? I'm doing fine, despite the weather being less than perfect."
"Any major hobbies? Yeah, I'm a musician."
Did you go to Berklee? I did my undergrad at Boston U and my masters at the Boston Conservatory.
What kind of music are you into? I'm classical.
what kind of knitting do you do? or rather what do you knit? I usually knit hats or scarves.
"any other kind of music you're into? It depends, I listen to most anything."
What other games have you played in the past that are most memorable? Oh man I've played so many.
"What systems do you have? I've tried pc gaming, but I really need to have a controller."
what kind of shows do you like? A lot of the detective ones.
"What is your concentration within Bio?, Well, I was coaching new elementary teachers and am trying to figure out what is next - I love teaching and I love coaching... so maybe a hybrid role I studied the immune response to viral infection, in grad school."
"how are you filling summer free time? Besides preping for the new Fall semester and job hunting, I am training for a half marathon."
"So, what do you do that is important to you in your life? I have studied business management and I run my own business."
"Are there places to go listen to Indian music around here? yes, actually MIT has an organization MITHAAS."
"What subjects do you enjoy? Well, I did my undergraduate work in psychology and media studies."
"Is it a good choir? Yes, music is always fun."
"Are you a student? No, I am not a student at the moment, but am in a teaching program."
wHERE ARE YOU AN UNDERGRAD AND WHAT IS YOUR MAJOR? I'm a undergrad at the extension school.
"However, are you applying for any positions ? I'm a product management intern this summer."
"Do you get paid as an intern? Yes, thankfully."
"What type of teaching do you do? My teaching would be in ELA , probably for middle-school and high-school."
So do you have any sports/hobbies that you like to do? My current hobby is bike riding.
What about you? I like to ski and I bike too.
"I'm well, how are you? Wishing it wasnt as hot outside."
"Are you liking this weather? I enjoy warm weather more than I enjoy cold weather, but I feel as though it is too hot for anyone."
"Do you have any fun weekend plans? I am meeting up with some friends tonight, and working the rest of the weekend sadly."
"What do you usually do during the week? I work three jobs, and it used to be so so crazy juggling all of them, but now it's not so hard and I took the weekend off because things aren't as busy near the end of August compared to say 4th of July."
Are you enjoying the weather? I rather like the gloom.
Do you enjoy the rainy weather? I do.
"Did you go to Darmoth by any chance?, I might go there. Dartmouth is in New Hampshire."
"How do you find out about these events? That is easy, just start by exploring."
Do you search online? I usually just go out and run into something strange.
What's the craziest event you've been to? It's a mystery.
"what's roller derby?, haha! The weirdest sport you'll ever see."
"Does it involves skateboards? It's a groub of burly ladies rollerskating around a track while pummeling each other senseless., I think they're racing., But the fans get pretty hardcore."
"what do you do here? I'm a copy editor mostly, so I work from home. And I bartend."
"Any free drinks? Haha, yes, as many as I'd like after work."
"So, why do you do these CLER sessions?, For fun? It's good hourly compensation and it gives me an excuse to go out for lunch."
Where do usually go running/hiking in Boston? I'm a big fan of running along the Charles--can't beat that view of Boston.
" what do you like to do with your friends? We like to go out to bars on the weekends, but if we're too tired we usually stay in and watch movies."
So where are you from? I'm from outside of Philadelphia.
"Which museums do you like best? The Gardner and the MFA, they're both incredible."
What's your favoirite place to go out in the area? Hmmm I honestly don't get out too much.
What do you do? I am a Biochemist at a company outside of the city called Siemens.
What kinds of things do you like to do in Boston? I just started jogging and am doing the freedom run in Cambridge on Sunday.
"What got you into English? It was always my favorite in high school, and when thinking about teaching, I wanted to do whatever gave me the most freedom to kind of teach more than just subject area material."
What do you enjoy doing in your free time? I love to watch movies.
Are you in school now as well? no the nightmare's over.
Do you live in Cambridge? yes I do.
What are you studying? I am studying government with a minor in psychology.
"There is a lot of opportunity for Hockey around here?, Do you also play in Canada? I did growing up."
"What do you like about what you do? I love that right now, my work is very people-oriented and goal-focused; I also get to form relationships with wonderful people and help impart some sort of positive change in their lives, so it's very fulfilling for me."
What makes you wish to stay within the field? The same people-oriented nature of the industry.
Is it ever terribly stressful? It can be.
"Do you have any favorite nature spots around Harvard? I love walking along the Charles, and also in Mount Auburn Cemetery in Watertown. I really like the sunken gardens in Radcliffe Yard."
"Do you have a favorite constellation? Hmm...probably Orion's Belt., Both because it's relatively easy to spot out and because the idea that there is a man named Orion in the stars is kind of poetic (and funny)."
Where are you from? My dad is from South Carolina.
What is your favorite thing about Brazil? I was in Savannah in March and really loved the Spanish moss.
"Have you ever been to a Brazilian steakhouse? I have never been to a Brazilian steakhouse, although I think my dad wants to go to one."
"Are you enjoying the non-fiction you're reading?, Or would you rather be reading fiction? I'm reading a book by one of my professors right now, and it is fun to see his arguments."
Do you prefer fiction or something else? I like both.
whats your favorite movie? hmm.. i'd have to go with Cool Runnings.
favorite place on campus? I kinda like sitting out by the charles when the weather is nice.
how many hours do u workout per day ? I work part time.
"What plans for holidays? i am going to my home country for holidays, I am travelling to India"
"u try out indian restaurants out here? Yes, very much."
so why public sector consulting? to your question: my background is in business development and I realized i want to combine strengths from the business world and try to apply it in the public sector domain.
"I'm originally from Queens, New York, What about you? I'm from Cambridge, but I've lived in Minnesota and California as well."
"What do you do outside of school? I also like to run, write poetry, and do makeup professionally"
What kind of arts do you do/perform? I'm using photoshop all day lately--cataloguing art slides.
"That sounds pretty awesome, So what kind of music do you listen to? I listen to a lot of genres, but I have been really into Cambodian and Korean rock from the 60s and 70s lately."
Do you plan on leaving Cambridge for vacation? sf and hopefully london.
how are you? very well.
hmm what are your options? whatever I want.
haha what do you usually do? whatever I want.
ohhh do you work now? I am an artist.
oooh what do you like best about being an artist? The freedom to do whatever I want.
do you like it here or do you wanna move eventually? I moved to Santa Barbara in 2013.
"why did you come back? I do not enjoy the winter here., It is beautiful there., Decided to come back briefly."
"what did you do over in santa barbara? Lived, lol., Freedom of being an artist."
"So, are you a male or female? I am a male."
"What do you enjoy doing with your free time? I like watching documentaries, reading books or just hanging out with friends."
"So have you already made some clothes for the very soon-to-be new family member? Baby slippers - I made literally 8 of them, none were good enough until the final pair."
"Do you enjoy this weather? Not particularly, though today isn't horrible."
What's your dream car? A Tesla roadster.
"Excuse my ignorace, but what does MLS stand for? Master of Library Science."
What's your profession? Retired librarian.
"Do you have a favorite book? Yes, a lot of them-it's hard to choose."
"What made you decide to become a Luddite? I eschew most technology- I do have a PC and a free cellphone., but I don't need much technology."
But what prompted that decision? I don't much care for what's going on in the world today.
How are you? I'm good.
"Have you lived in Boston your whole life? Nope, came here for grad school and have since stayed."
Do you live close to Harvard Business? I just relocated to Boston in January.
Any dream places you want to live someday? Chicago has always been at the top of my list.
Always had dogs? My fiance got him for me as a gift.
You have any pets growing up? We had a dog.
"Do you play any instruments/sports? Tennis is my favorite sport, and I also recently started boxing just for fun."
"What are your academic interests? My concentration is history & science, with a secondary in neurobio and citation in Spanish."
"When you say club sports, do you mean tennis or also other sports? Yup, Tennis, and I also just started boxing."
What are your hobbies? My hobbies include biking and reading.
What is your favorite dish to cook? I cook a lot of Italian food.
"Are you reading any good books right now? Yes, I am currently reading ""Quiet"" by Susan Cain."
What is it about? It is about extrovert and introvert people; their similarities and differences.
Where do you usually shop for food? This time of year I do a lot of my shopping at farmers markets.
"I'm taking up swimming once again, and I enjoy biking around the city as well, How about you? I also ride a bike around Cambridge."
Do you have any favorite paths around Cambridge you like to take? I like riding along the river.
are you a student in the area? I used to be.
" are you from boston originally? i am, grew up in newton."
Are you a student at Harvard? i visited there once.
What do you do in Cambridge? though its summer so nothing much atm.
what do you do when you aren't doing schoolwork? tv.
"My name is Raj, what's yours? I'm Kyle, pleasure to digital-meet you."
"which boardgames?, my favorite is Settlers of Catan Ha, of course."
"do you like to travel as well? I lived in Argentina for a year, about six months ago."
" what job did you have here? I was working for a medical study, managing their database."
"Do you go to school, and if so, where? yep i'm a senior at the college here."
"So what do you like to do then?  I like to ride my bicycle around the area, play video games, play Magic: The Gathering, go to bars, go to live music events, eat lots of food,"
"do you already know what direction you're going in after school? Most likely private sector for ~2 years, then back to grad school."
so do you still compose on the side? I don't.... but I think about music a lot.
"so what do you enjoy doing? I guess I'm in law school, so that.... reading, traveling cooking, nothing super creative... you?"
"are you vegetarian? yes, since I was 8, so it is all I know how to cook."
"Have you seen any good movies lately or read any good books? I admit, as a grad student I haven't had time to read in a long time, and I am envious of your reading time."
what program are you going into? Clinical psychology doctorate program in NY.
"Do you have a job lined up already? naw, I'm going to play all summer before having to work for the rest of my life, I'll look in the fall."
"are you doing any fun things before you start your program? I just returned from a vacation to Europe (Amsterdam, Brussels, Paris)."
"Hi, what brings you here today? I am interested in the study."
"What other languages do you speak? I used to live in Guatemala, so I speak Spanish."
What brings you to the U.S.? I am an American.
Are you an American? yes I am American.
Do you like any of the LA sports teams? I'm not really into sports.
How do you like MA? I like it.
Which city is the most interesting? I really loved this small town near the Swiss boarder called Konstanz.
have you ever been to the West coast? I would like to go there.
"Where there any really interesting German customs? Germany is really similar to the U.S. generally, except in some towns all of the stores are closed on Sundays."
How do you like LA? I liked it.
"Have you been to Latin America? I've only been to Mexico, but not for very long."
How did you like living in Guatemala? I really liked it.
Where are you with your reading about free will? at the embronic stage.
Do you like music at all? only classical music since i'm a big fan of karajan.
so what hobbies would you be passionately pursuing if you did not have to work a single day in your life because you have inherited say a million dollars? I'd be pursuing enlightenment/self-knowledge passionately if I didn't have to worry about money.
did you learn all the ballet yesterday? I'm working on it.
"Do you perform? I'm 31, so it's a bit late for aspirations of professionalism and performance."
"Do you have physical/athletic elements in your life? No, not really."
What do you like to read? Mostly non-fiction.
Are you currently a student? I have been in and out of academia for ... wow almost a decade now.
"Are you currently employed? I haven't been employed in forever; I have managed to live on very little and have a great life, really."
"What will be your major at Northeastern? Right now it is set to be political science, but I may change it depending on how my current credits transfer."
What other things do you like to do in the area? Mainly I come to Cambridge to dance but I do like to grab coffee or just walk around.
"What is your major? I was a psychology and gender studies major, but I am in graduate school for social work."
so are you pretty set on declaring neuro and astrophysics? Yea I think so.
"what tv shows do you watch? NCIS, Modern Family."
what kind of dog? oh a maltese-poodle sounds like a cute mix.
so you want to be some sort of politician or something 1 day? haha not really interested in going into politics.
"Where do you like to travel? I have been to a few countries in Europe which I really enjoyed, hoping to go back soon."
What kinds of ice cream flavors have you made so far? I first made vanilla with chocolate chips.
What types of things do you like to cook? Peanut butter ice cream is my favorite.
Where did you learn to cook Indian cuisine? I taught myself a lot of it but also from family members.
What is your favorite cake you have made? I recently made a vanilla ombre style cake where each layer of cake was a different shade of blue.
do you like any type of desserts? I haven't ventured into making any desserts besides ice cream yet because I feel like baking is such a precise science and I need to get down my basic cooking skills first.
"What sport(s) do you play and do you play on a team? In my free time I enjoy playing basketball,which I play competitively for a long time growing up, and I enjoy playing tennis."
where do you like to run? I run down beacon out of the city that way.
How far do you usually run? I actually just ran the Boston Marathon this past April so I was training for that in the winter.
where in western mass? The Springfield area.
"Do you have any favorite resturants in the city? Not particularly, I don't really have a favorite."
"Walking dead and big bang theory, Have you seen them? The big bang theory is so funny."
is it a comedy? Yes it's kind of a drama and comedy.
"i really enjoy reading, what about you? Reading is great, I also am a huge fan of movies."
"What else do you like to do in your free time? movies are good too.... i dont have a lot of free time as of late... but when i do have free time, i love swimming, and horseback riding"
what type of movies do you like? i love action and sci-fi movies
"What do you do for work? i am a freelance consultant in the nonprofit sector, I also teach esl classes."
"how do you like Cambridge?, :) its great."
"did you study abroad at all or plan to? no, i studied italian and i have had the chance to travel with my family to a bunch of different places, but didnt get to do a semester abroad."
How old are you? I'm 20.
"What's your favorite thing to do on the weekend? I normally work on the weekends during the day, so my favorite thing to do at night is drink with friends."
oh cool have you ever been there before? ITS MY FIRST TIME GOING.
Do you have a busy day? Not really.
"do you play any sports? I play soccer and I watch a lot of sports, too!"
What sports do you like? My main sport is tennis but I also play volleyball and hockey.
Are you Hispanic? My parents are both from Peru.
What do you do for fun? I like to swim for fun.
So what do you do for fun? I have plenty of things i do for fun.
What are your favorite tv shows? I do not like puzzles. Big Bang Theory is also one of my very favorites.
sounds like you are taking photography for fun? I enter photographs in contests for shows.
"Are you a student or are you employed? I work at Emerson College and I love it., Just employed currently."
What do you do for Emerson? I am the office manager/Sr.
What did you study at BU? Business Management!
So do you hope to do something more related to history later in life? Probably not.
"Is this your first CLER study? No, I have taken CLER before."
"How would you be spending this late afternoon if you were not in this musty lab? I would be reading on my deck, or taking a walk along the river."
"Do you grow vegetables and herbs or is the garden mostly aesthetic? I plant vegatables, herbs and flowers."
"Do you enjoy cooking with your home-grown vegetables, ? I have not have enough vegetables come up to cook."
"do you frequent the local farmers' markets? I used to, liked the colored varieties of carrots, much sweeter than the usual orange."
"what brings you together with others in Kendall for a ""meet up""? High tech, mostly windows software development and apps."
"Are you working toward a doctorate? No, I haven't decided yet."
Are you British? Actually I'm from Russia
And so you do all your management by yourself? We once had a management company.
what do you enjoy doing? My favorite activities are watching Netflix and walking around Boston
Do you play any sports? I do like sports but I don't regularly play.
What sports do you like? I love running and playing tennis.
Whats your favorite show? My personal guilty pleasures are Pretty Little Liars and the Bachelorette.
"Any book recommendations?, I'm applying to med school so have currently been reading a lot of non-fiction about the medical field (Atul Gawande, etc.) Hmmm my sister got me into reading clasics."
"What do you enjoy doing? When not crowded, (school & tourist seasons done) be outside doing touristy stuff or just walking w/tunes."
What's your favorite movie genre? Too tuff to name one.
What are some of your favorite genres then? I can't pick a specific genre I like by name.
"So, it's 9:00pm on a Saturday, what you up to ? Hm, most likely out somewhere with my friends."
" So your typical Saturday involves sleeping by 9 pm, how about before? I watch or listen to my ball games."
Do you like Lebron? no.
are you looking forward to winter? Really excited for winter.
Have you managed any vacations with friends or family lately? I went on a cruise back in October to Turks and Caicos and will be visiting my parents in Florida next month.
"Do you celebrate Christmas? I do, but I'll be rowing the Grand Canyon through the holidays."
"What does your ideal winter weekend look like? Well, I just bought a new house and it has a really nice fireplace, so I suspect I will be spending a fair amount of time in front of that with a good book or movie."
"Are you a student still or...? Yes, I am junior in the college studying Statistics."
How did you hear about this study? I've been doing some of these studies for a few years since I've been a student here.
"Do you have any hobbies? Yup, I play baseball so that's my number one thing."
"Do you cook?, I like cooking but don't have a lot of time anymore with school! Yes, I cook most meals."
Did you do undergrad at harvard? Yes I did.
Did you like it? Loved it.
"Did the ""salvadoran food"" give me away? Haha yes."
"do you like playing online or with friends more? I like playing with friends more, but it doesn't matter too much during the game."
How are you? I'm well.
"Watch Tv cooks? Yep, I watch cooking shows."
"For health or ethics or other? A combination of health, ethics, and the environment."
"What sort of fish do you prefer? Hmm, I'll eat any kind of seafood except for scallops., I also don't love white fish, but I'll eat it., I love sushi and lobster."
Are you a student here or some place else? I go to Northeastern.
Are you a student? No I am an older working guy almost retired.
"what kind of fun stuff do you do outside of work? I like Sailing, golf, the beach, hiking, and what ever my kids get me into."
Did you get outside? I work in a lab during the day but manage to take my lunch breaks outside in the courtyard.
is it at Harvard? Yeah I work in an atmospheric chemistry lab with Professor Steve Wofsy.
"are you here over the summer doing research in HEB? no, right now I'm taking an Embryonic stem cell course."
are you here only for the summer? No I am a rising junior at the college.
So have you been finding anything fun to keep you occupied while on campus this summer? I have football at 5:15 am and 7 pm Monday Tue Thur and Fri so that keeps me occupied with class.
What's up? Same Old.
Would you be traveling alone? I would want to travel with friends.
"Where are you from? I am from Stow, a small suburb right outside of Boston."
What brings you to Boston? I go to school here.
What is it about the Boston area that made you want to stay here? I am a musician (I play the oboe for a living) and Boston has a great arts scene.
What do you want to do with your degree when you graduate? I'm not sure what I want to do with my degree yet.
"When did you start playing the oboe?, Do you play for an orchestra? I started fairly late, when I was 15, but I have been playing other musical instruments since I was 7., My dream would be to play in an orchestra full-time."
"What drew you to the oboe, if I may ask? I used to go and listen to the Boston Symphony and the oboe always had the greatest solos."
"Have you ever played an instrument? No, I haven't played an instrument, but I've also wanted to."
"What would be a good instrument to try first? Piano or guitar are always great options!, They help with learning to read music if you don't know how to do that."
"Did you have any memorable teaching experiences?, Or memorable gigs? I got called in to play for an orchestra in Banff, Alberta (west side of Canada) for 3 weeks."
"What was the landscape like? Banff is part of the Canadian Rockies, so tons of mountains."
"Do you hike? No, I don't hike, but I wish I did."
"Do you travel outside of Boston ever?, Like on weekends? Not as much as I would like."
"Do you have any recommendations for feasible day trips on a college budget? If you've never been to Cape Cod, you should check that out."
"Are you a fan of the beach? Yes, I love the beach.."
"Do you like seafood? Yes, I like seafood."
What's your favorite seafood? Salmon or mussels.
"Are you from the Boston area? I'm from Portland, Oregon."
"what are some things you enjoy doing? I enjoy cooking, Netflix, and being outside."
"Do you go to boston much? Not enough., It's hard to find the time to especially when there is so much to do on campus."
Have you made it to a Red Sox game yet? I've been a Red Sox fan since I was a kid and have made it out to a few games.
Do you do these studies a lot? I'd say I average one a week.
How are you today? All right.
What do you enjoy doing? I enjoy reading in my spare time.
Are you a Harvard undergrad? This is my final year here.
What were you involved in while you were here? I was involved with the Harvard Political Review for all four years.
"Same, you a student? yup, getting my MSW right now."
"does everyone say "" omg are you analyzing me right now??"" They do."
What do you do for fun? I like to play a variety of club sports at the college.
What are you studying? Evolutionary biology.
"what things you enjoy doing? Music, hiking, drinking beer."
What are you studying at harvard? I'm a partner of a Harvard Law student.
"do you play any sports? I hike and bike, and my girlfriend and I are learning the trampoline."
"where are you from? Seattle, originally."
"what is your favorite music? I usually listen to stuff like metal and video game music, but I compose mostly contemporary classical"
Do you go to see many plays? I saw a play in NYC this past summer and saw the play Uptown which featured Misty Copeland who was in it for a limited time.
How are your courses going? Courses are good.
"Are you fluent in any other languages besies English? Fluent is a big word!, I'll say close to in Russian."
"What's your favorite travel spot? I have not travelled much in recent years but been to several places growing up., I love London and England."
Anywhere on your must go list? Love Switzerland.
What about you - must go list? Australia and New Zealand.
"Oh cool what is showgoing?, Hmmm depends my mood Concerts, similar events."
"What do you like to cook? All kinds of things, usually something easy like pasta, eggs, rice, sausages; my ramen's fairly dressed."
"what's been your favorite place? I think Kyoto or Berlin, maybe Paris."
what is the food like in prague? I don't remember; honestly I think we found random hole-in-the-wall restaurants that served normal-ish food.
"is harvard hard?, no I'm taking easier classes this semester so I anticipate it'll get much harder."
"Are you a Harvard Stuent?, If so what or is your major? Yah I am a PhD student in Art History."
Have you been to lake Champlain? I have briefly.
Have u been a member long? I do not remember.
Are we the only two people doing this study? Haha I think that might be the case.
what kinds of stuff did you do on campus? I was in a chamber orchestra and a Christian fellowship group.
"any other hobbies?, i beatbox as well I have been traveling on day trips lately."
"What are some of the things you like to cook? i like to cook a lot of different things, i'm not so much into baking."
what's your affiliation with harvard? I don't actually have a connection with Harvard.
"Wait, do you enjoy Halloween? I do, but I would argue they are totally different."
What'sbeen your favorite character to dress up as? oo I have no idea.
you a settlers of katan kind of person? I haven't played settlers or katan yet.
"Are you part of any kind of fandom? I get obsessed with the cliche shows for teenagers,which is definitely nothing to brag about."
what made you want to go to divinity school?  I went to Divinity school because I had a life changing encounter with Jesus Christ as an undergraduate and decided to give my life to Him.
What are some things you enjoy doing? reading working play video games.
"Ever want to travel north? Alaska is on my list, I will probably end up there in two or three years."
how do you do? I'm alright.
"are you a student or working now? Well, I've worked for over 20 years in Computer field, now I'm retired but in fact I went back to school, so I'm a part-time student."
"what do you do for fun?, i read alot."
Are you from this area? i am from the northshore of boston in danvers but have lived in the city for the past ten years.
"have any children? No, I don't have any children."
Is your sun going to study at Sweden? my son has worked for an international ad agency which has an office in stockholm.
"have you been back to russia to visit? No, I haven't been to Rissua since I left."
"been to any movies recently? No, I haven't been at any movie."
"How are you doing today? All right, despite the weather."
"Any plans this evening? Besides eating and sleeping, no."
What are you going to get on your way home? Probably curry.
"Do you have any interesting plans for the weekend? not much hoenstly, I'll be speading my time working mostly."
is your weekend more exciting? Not particularly.
Have you read anything interesting lately? Only work-related stuff.
"What'd you think of For Whom the Bell Tolls? Great with imagery and touches of beat-style writing, I, 'm a fan of stream-of-consciousness."
"If you could pick to go anywhere, where would you go? I'd like to go back to Myanmar, actually."
What kind of research? market research on the budding middle class out there.
"What do you like to do in your spare time? Well, nothing special... facebook or chatting."
"Where are you from? Seoul, South Korea."
"What do you do in winter to stay active and healthy?, Winter in Boston has always been difficult to me... I like to go running (even in the cold....burrrrrr.)"
"what are some of the goals you are currently working toward? I should probablly start running again.., I want to finish a majority of my thesis while staying at home."
"Do you like to do any sports? Yeah, I've played baseball all of my life, but I stopped playing when I came to school."
"What year are you now? I'm going into my junior year, so I've still got some time left."
"What are you studying? I'm studying finance and accounting with a minor in econ, so I've got my hands full."
And are you in grad school now? I am not.
What type of position will you have with Bloomingdales in NYC? I will start in a rotational program.
"What is your favorite kind of food? I'd have to say Chipotle,you can never go wrong with that."
What kind of hobbies / activities are you involved in? I like to play sports.
Which sports do you play? I like soccer a lot too and thats actually what I play for IM's.
Did you watch the Women's World Cup over the summer? I didn't actually.
Are you plannning on getting further education PHD level? maybe med school.
what are some of your hobbies? travelling and eating.
Where have you been outside of the country besides Ghana? i actually went to high school in the UK.
How many languages  do you know? English and French.
Are you a student or do you work full-time? I am a student.
What are you? I work full-time.
What do you like to do for fun? I like to play tennis and go rock climbing.
"What kinds of things do you enjoy doing? I like to ride my bike, go on hikes, and do other type of active things."
Where have you gone hiking? A bunch of trails in New England.
What was your Master's degree in? Education - Administration in Higher Education.
"So do you teach? No, I am a college administrator."
"So do you work here at Harvard? No, another university near by."
Are you originally from around here? No I am from California.
Where are you from originally? I have family right ourside of LA.
What kinds of things do you like to do in your hometown? I would probably just say spend time with family and friends.
Do you have any favorite activities or places you go to with family and friends? Not really.
And favorite TV show? Friends.
Do you enjoy it overall? I like my job for the most part.
Did you walk here? I RAN.
How did you hear about cler? A friend told me about it.
What brought you to Boston? My husband came to study an MPP at the Kennedy School and I came with him.
Are you enjoying your time here? I am.
what is your favorite food? My favorite food is peanut butter.
What else do you enjoy doing? I like to hike and I like to ski.
Did you go to school in Buenos Aires? I study my undergrad and my grad there.
What do you miss from home? My family.
Do you get to do anything fun on your break or are you just catching up on sleep etc? Mostly sleep and laundry that piled up for about 4 months.
What have you been studying here? I study neurobiology.
Are you happy that you did it? I think I definitely am.
"What are your hobbies? Ah, I'm kind of boring - I like to read a bunch."
"Pretty good, So, what kinds of things do you enjoy doing? Very recently I've gotten into exercising and lifting weights a bit."
"What are some of your favorite movies? I love the Godfather, La Vie en Rose, and some other foreign films."
Do you enjoy traveling/have any favorite travel spots? I love travelling!
"Where have you been around Europe? I've spent about 2 months in Spain, Italy twice, France, Netherlands, Belgium, UK, Germany."
What's your favorite place in Europe? thats a tough one.
Do you have a favorite place you've visited? I loved Chiang Mai in Thailand.
have you ever been swimming in the charles? seems pretty dangerous.
Where are good places to go swimming around here? I have yet to go to the beach.
Do you enjoy the work?  My work is difficult but in some ways heartwarming.
"is the harry potter theme park near tampa? I think that's part of Universal Studios, which is in Orlando - about 2 hours drive from tampa."
Do you currently have a job or work on something you enjoy doing? I am unemployed but this is ok because I recieved a small inheratence that I am living on for now.
"Are you artistic in anyway? I don't think I'm very artistic. I like to appreciate others' artwork, but that's as far as I probably go haha."
" What kind of art do you most often work on? That's cool, I have been drawing since I was a kid."
Do you enjoy swimming? I used to swim every day over at Blodgett and then at the Z Center at MIT but have been delinquent for about a year.
What else do you like to do other than sports? I want to go out on a scull but despite using the rowling machine still haven't gotten to it.
"Did you major in statistics in college? Yes, I did Statistics as an undergrad here at Harvard College and I'm currently working as a teacher in South Texas through Teach For America."
"Are you a student here at Harvard? No, I'm actually just here for the study."
"do you speak any other languages? Yeah, I speak French."
Did you live in a city area or was it more rural? I lived in Paris so...VERY city.
"Did you live with a host family?  yes, I lived with a host family"
"Do you still talk to them? Surprisingly, no."
"Are you a student here? no, I just graduated."
"what did u do in london that was fun? My boyfriend and I drove around the country for about 10 days, stopping for the sights a long the way."
"are you a student? No, I'm a teacher."
What do you do? i'm helping out with astronomy research this summer.
what grade levels do you teach? i am living on campus I teach 9th and 12th.
do you have any favorite books that you teach? I'm a fan of 1984...lots of contemporary relevance.
"Have you been before? No, I haven't."
"What do you enjoy doing? Reading, Cooking, Watching Netflix."
"What's your favorite thing to make?, AHHH Puppy chow! lazy night."
" Why dentistry? long story short, I get to meet different people everyday and they will always leave me with a smile (eventually)."
"what got you into your career prospects?, well....I really like kids. "
are you from boston? no im not.
"How are you today? Good, hot out."
"So what kind of books do you like to read, Fic/Non-fic? Mainly fiction."
Any specific sub-genre? I grew up as a book worm so I read everything.
"Do you travel at all? I do, I actually took a month off from life to travel after spring semester ended."
"Hi, what do you enjoy doing? I like running, spending time with friends, the usual."
"What are your hobbies? I like walking, politics, sewing, making cards, and gardening."
"What sort of sewing projects do you do? I'm at the stage in my sewing where I can just about fix buttons and little holes in clothes, which is useful but not nearly as impressive. "
"What sports do you like to play? I'm pretty awful at most sports, but probably like soccer or tennis the best to watch."
"Can you do the math in your head or do you need a calculator? It depends on how complicated the math problem is. Most of the time, I use a calculator., "
What do you enjoy doing? I'm taking up bull riding.
Live bull or the bar bulls? Any bull that will let me ride it.
"do you like Red Bull? No. Nobody likes red bull, Red bull is the result of fermented juice mixed with badly made cocaine."
"How about the brand and their extreme sports? The brand is a multi-billion dollar brand so I like the way they run business, the Extreme Sports are okay."
"Was he doing backflips with the bike, or was he backflipping while riding the bike? He and his bike went down a hill, off a ramp, and together they flipped 4 times before landing (and riding away)."
"Are you on Weight Watchers? no., I just like to count, everything."
"Do you like The Count from Sesame Street? Yes! My idol, he is the perfect man."
What do you plan to do this summer? This summer I am brushing up on the Calculus.
When do you graduate? I will probably graduate next year.
What did you have for breakfast? I had eggs and fruit.
"Are you a Massachusetts born person? No, I'm from the midwest."
Do you like waffles? yes waffles are awesome.
"do you look at the gangster saga racketeering films at all? Not really, no."
"What kind of music do you like? I like a lot of music, though my demographic is bearing out normally that I am listening more to old music than the contemporary."
"And old music, do you like Beethoven, then? I really enjoy jazz, especially the swing era of the 30s and 40s., Duke Ellington, Count Basie, Johnny Hodges, Ella Fitzgerald."
"Hey, how's it going? It's going very well."
How has your day been so far? It's been a long day.
Are you working this summer? I am.
Are you a student at a school around here? I'll be a junior at Harvard next fall.
From where did you graduate? I went to Harvard as well.
"So what kind of things do you enjoy outside of school and brainstorming ideas for new companies? Well, I'm a sports fan to start."
Are you rooting for any teams in particular this week? Blackhawks and Cavs.
"I think i might major in physics, what about you? i am thinking marketing or data science."
"playing games, watching toons, eating, spending time with family, you? Nice, I like basketball, chess, listening to music, and chilling with wife/friends."
"oh so your married? Yes, I got married almost a year ago."
"are you male or female?, I am male"
what will you do with that? I don't yet know what I want to do with Applied Mathematics.
are your shoes grey? No they're not.
"how old are u?, im 25"
"what do you do beside being a proffessional student? Yeah, no time for anything else."
"u smoke weed? No, several of my friend do though."
do you drink much? clearly i like to party in my free time
are you married? No.
"what do you like to do? I enjoy fitness like activities, professional sports, and photography."
"What season are you on, or is this one of your multiple times watching the series again? I hadn't watched all of it when it originally aired, actually only a little of it."
"So what do you enjoy doing? I enjoy travling, reading, and passing time with friends."
"What got you into acting in the first place, ? My siblings and I were putting on plays in the backyard about as early as I remember."
are you working or in school? I am working at a dry cleaners.
what do you like doing for fun? I like getting together with friends.
"what type of music do you like? i like all types of music like electronic dance, hip hop, r&b, top 40, "
did you do anything fun this weekend? My friends and I go to Foxwoods and Mohegan Sun.
what type of food do you like cooking/eating? I make a lot of Italian food.
Have you ever been out of the country? yes i think i have seen more of the world than my own country (USA).
what kind of work do you do? I work in reception at a gym.
how do you like that? It's great.
is it a short term gig? It's part time and not going to be a career for me.
"What do you cook? Different styles of chicken, steak, and just meat in general."
"When did you start learning how to play the piano? I've been taking lessons since I was 12, so about 8 years."
Do you find that you have time to play piano at school? I get to play with my choir and at my church sometimes.
Do you think you'll go back to teaching after? Maybe I can look it up.
"Have you been to North End yet?I have, but haven't eaten anything there."
Are you happy it's friday? Yeah Fridays are always nice.
What kind of music do you play? I'm into fingerstyle guitar right now.
"Do you have other hobbies? Well I also like playing the piano, blogging (though I haven't been blogging very regularly), playing basketball or mostly any racket sport, and I recently got into string art."
"What do you usually blog about? Well since I'm in college, I blog about that (dorm life, classes, clubs...) mostly."
"haha cool, what fun places do you go to in boston? i dont have time."
are you by any chance of fan of the british life style? I guess.
have you ever been to the UK? 1 time.
have you ever kayaked on the charles river? i did kayak maybe 5 years ago.
"I'm doing okay, how are you? Doing good."
"Crap weather for the first of June, isn't it? Oh yeah."
"I'm David, whats your name? My name is Misty."
"No kids, how about you? I'm single."
"You in school ? Nope, no school."
Do you have any pets? No pets .
Do you do MTurk full time? I turk part time.
You making money on turk? I make quite a bit.
Are you going job hunting soon ? Yep - already found a few things.
What kind of work you do? I used to list things on ebay for a local company.
What about you? I work in retail.
"You watch Idol? Yeah, I watch it. Idol and bachelor."
"you know me ? No, Don't think I've seen your posts."
Are you already getting hot weather down there? Some days.
"So what do you like to do in your free time? I basically spend time with my family, go to festivals and such, concerts."
What kind of music do you listen to? I'm into older punk rock mostly but I'll entertain other kinds of music like 80s rock and folk.
"Any favorite genres of television or books? For tv, sci-fi is my favorite."
What is your favorite sci-fi show? Star Trek series'.
Do you have a favorite book author? Stephen King.
Do you watch the movies based on his books too? I do.
"I live in the U.S.A, what about you? I am in New York."
What do you do for a living? I'm a receptionist and college student.
"Are you married? Yes, married with one daughter."
how do you find the time for school and working? I have to make sure to balance my time.
 what is your daughter's major? lots of writing.
"Did you go to college? Yeah, accounting."
how long have you been turking? I've been turking actively since January of this year.
How long have you been turking? i started about a year ago.
Are you married? I'm not married.
Have you always lived in Texas? I have.
"I'm from Florida, how about you? I live in western NY, not NYC."
"Lots of swamps in Florida, right? Yes, very marshy and wet, but the beaches are nice."
Where else do you like to travel? Being close to the Caribbean is wonderful.
"Hi my name is Rachel, what's yours? hi, I'm Peter."
"Where are you from Peter? well, I moved to eastern WA last year."
hows WA? i miss the beach.
"what do you like to do in your free time? I like to watch movies, travel, go surfing, play video games."
how old are they? 16 and 18.
"Have you seen the news about the baby its made national headlines?,Didn't hear about the baby."
"Are you in an area that got a lot of snow? No, I'm close to Las Vegas."
are you near Lake Mead? close enough.
"do you spend time there on the weekend ever? Not really, it's quite far from my place."
"Has ""Uber"" moved into your area yet? Not yet."
"What is preferrable cuisine? I've eaten Indian food three times this week, and am going for Peruvian tomorrow."
Do you listen to music often? I do.
"Ah, any particular reason that you don't like Jazz? It just sounds like noise to me."
"I had birds when I was really young, but that was it, Are you ""animal person?"" I'm really pathetic., I've had horses, dogs, cats, fish, snakes, lizards."
"My day is going well, how about yours? Pretty good, just doing some work on mturk."
How long have you been a turker? I have been turking for about 4 months.
How long have you been a turker? Little over 2 and a half years now.
"Have you gotten masters at all? No masters, not really focused on getting masters."
"Do you have your masters? I have never gotten it, over 320,000 approved HITs and none yet."
Do you do any other online work beside Mturk? I occasionally do some stuff at Odesk.
"I am really good, how are you? I am pretty okay."
"I am in Delaware, how about you? I am in Illinois."
"Do you have any fun weekend plans? No, not really"
How is it where you are? It's about the same.
"Have any kids? I am not married now, but I do have a two year old daughter."
"Do you have any kids? No, I don't have any kids."
What's your favorite kind of food? I like italian foods (all the fattening stuff is my downfall).
"Are you from there originally? No, I am actually from SoCal, I just ended up getting stuck here."
"Have you always lived in Illinois? No, I'm originally from FL."
how's the weather today? Not terrible.
"how long have you been at it? Oh wow, I'm on like week three haha."
How do you like it so far? It's can be tedious but it's really nice to be able to work whenever I want to.
What kind of music are you playing? I play drums in a psychedelic rock band.
"Do you play any instruments?no, I'm just listening to music."
Do you do local gigs? Yeah we play around at bars and stuff.
What kind of music do you like? I'm pretty flexible: everything but rap & hip hop.
What/who inspires you? John Bonham was pretty much the sole reason I started playing drums as a kid so I'm a pretty big Led Zeppelin fan.
Do you have any creative outlets you enjoy? I fancy myself a writer but I don't take it seriously anymore.
"Do you live in Phoenix? Scottsdale, I travel often though."
did they give you masters? Nope I hope someday they do.
What's the most money you have made in a single day on MTurk? The most money I ever made on Mturk was actually this past Monday.
"what do you do? I teach - and then turk for extra cash, too."
"ah, what type of place do you live in? I live in a house."
"i watch both, what's your favorite tv show? Right now I'm hooked on Pretty Little Liars - and New Girl and Mindy Project."
I'm doing well how about yourself? Very well.
How's the weather where you are? It's been raining alot here lately with temperature fluctuations.
"Do you have a busy day planned today? Yes, I do have a busy day planned."
"Since you don't have children how do you fill your days? I enjoy cooking, playing basketball, golfing, watching football, listening to audio books I feel like I could go on and on."
"You? I enjoy collecting music, shooting, hiking, and Kayaking."
"Hi there, My name is Kira, how about you? My name is Keith."
What do you do for a living? I work in a retail store.
"What are your hobbies? My hobbies are golf, grand kids, the beach, cards and goofing off."
"Have you ever travelled abroad? Yes, Asia and Europe."
"Hi, how's it going? Just fine."
Did you just start for the day or have you been up for a bit? I got up around seven.
Do you have a real job as well? I'm in IT.
How long have you been turking? A couple years now.
What brought you to North Carolina? wife and her job.
ever think of moving back to panama? Not really.
What kind of movies do you like? I watch almost anything from documentaries to action movies.
"Whats your favorite movie? I can't pick a favorite, there's so many good ones."
what do you do for a living? I am a office manager.
so what do you do for fun? I am usually out in nature photographing something.
Do you have any kids? No kids but I have a cat.
Do you have any animals? My pets are like my children. 
"Do you go to many shows?, no i am from colorado but i moved to NY to work I do go to car shows twice a month "
"Do you like living in the city?, I do not think I could live there, I like having alot of space and land."
"I'm from the Midwest, where are you from? I'm from the Northeast."
you have any kids? I have 3 boys.
"How's the weather in the Midwest? We are actually supposed to get up into the 50s today, its depressing how excited we all are about that."
you get any record snowfall? A little more North got record snowfall.
"Live on a farm? Nope, don't live on a farm but you can't throw a rock without hitting one around here."
You live in a rural area? I live at the seashore.
Was there anything we're suppose to chat about? I'm not sure.
"Have you seen any good movies? Not recently, all of the movies today have looked pretty boring."
Have you seen any of the Hunger games movies? yes but they are only worth watching on DVD.
So is your son going to school soon? We're actually homeschooling.
So what do you like to do for fun? I like to play video games.
"How about yourself? I like to bake, do crafting, and crocheting."
"I like to play basketball when I have time during the day., do you like any sports? I like basketball too."
"How's the weather in Virginia? The weather isn't too bad, it's sort of cold."
What's your favorite kind of food? I love Grilled Cheese Sandwiches and Mac and cheese equally.
What do you like to eat? I like pizza.
How's the weather there? It's raining.
"Have you been on any vacations lately? no, I'm hoping to take one this year."
Do you know what we're supposed to talk about? I think we're just supposed to ask each other questions.
Have you ever been there? I think maybe once or twice.
Are you from the US? I am from the states.
How long have you been doing it? A few years.
"Some kind of browser script? Yeah, it's a script I took over from someone."
Do you know how long we have left in the chat? No clue.
"how do I get you to believe me? You know, I don't know."
where do you live currently? I'm in New England.
Are you up in New England too? Im in New Jersey.. so not too far.
Do you like where you live? i love it.
how do you like new england? I love New England.
"is it warming up in new england? It was getting warmer, but now this weekend will be cold again."
"Do you still have huge piles of snow, or is it all melted? it all melted because we got a couple of days over 50 degrees this week."
"is the snow still on the ground up there? Since we got so much all in the last month or two, it's still piled high."
"What's your favorite place to vacation, if I may ask? california, i have a brother who lives there so i visit anytime i can."
"what about you? Wow, I've never been to California."
what kind of work do you do? I work in real estate investment and redevelopment.
What do you want to know? Good question...let's see.
"Have you always had anxiety? Yeah, ever since 12 or 13 years old., Most of the males on my Dad's side of the family have it., Except one of my cousin's since his Dad was so outgoing."
"So do you read Sci-Fi as well? I haven't really read that much fiction in a while., The last thing I read was Lord of the Rings."
So do you do much movie watching at home if not at the theaters? I watch movies at home - love Turner Classic Movies.
Any good plans for the weekend? Nothing set in stone yet.
"What about your weekend? Helping a friend move on saturday, and a birthday party for one of my other friends sunday."
Are you binge-watchign anything in particular? I will be binge watching House of Cards as a matter of fact.
How far along are you? I am on season 3 I have not started yet.
How is it so far? Slow to start actually.
What did you think of the ending of season 2? It was pretty amazing.
is it on netflix where I can binge watch it? Last I checked it was still on Netflix.
Did you guys get much snow? Well alot for Texas.
What are you up to today? Nothing much.
"What kind of fun are you planning? I'll get to see several people I haven't seen in at least a year, so that'll be fun."
whats pi day? It's a mathematical holiday.
"What kind of pie would you suggest for pi day? Hmm, any pie you like."
"are you having anything other than pie? It's a wedding reception, so there will be all kinds of food."
"What kind of work do you do? math teacher? Not a math teacher (though I did used to teach), I do a bunch of freelance stuff."
What did you teach? Middle school math and science.
"what do you when you're, well, not working? Sleep mostly."
"Has it been 15 minutes already? Oh wow, yes it has."
how are you? I'm fine.
How's the weather where you are? It's cool and rainy.
What would you like to be doing outside on a nice day like today if you weren't on your computer? I would be walking my dog.
"Do you have any pets? No we're not responsible enough to have pets, we can't even keep houseplants alive."
What kind of dog do you have? She is a German Shepherd/Collie mix.
"If you had a pet, what kind would you get? I grew up with poodles because my dad is allergic to most dogs, so I would probably get a toy poodle."
"What is your favorite medium to paint with? Watercolor, for sure."
Do you play an instrument? I play several instruments but my main musical skill is in vocals.
"Do you play or sing? Singing in choir is a lot of fun, I get to direct choirs every once in a while, it's a lot of fun."
Do your friends and family appreciate your talents? They do.
"Do you get to do anything with your art, like show it or sell it? I had a piece in a local show over the holidays."
"I am a cook, do you like cooking? I have recently started expanding my vegetarian meal repertoire."
What do you like to cook? Vegetarian cooking is fun because you get to be very creative with your protein choices.
How is the weather where your are? It is pretty nice currently.
"Do you have any plans for the weekend? Nah, nothing quite yet."
What about you? I plan on going to my friends house to watch some college basketball games.
"Do you like to watch any sports? I'm going to watch UNC when March Maddness comes around, but I watch more Football and Hockey."
"What do you like to do for fun or to relax? Honestly, I mostly play video games to relax nowadays."
"What are your favorite games? I been playing EverQuest, Skyrim and League of Legends recently."
Hi-how are you today? i am good.
"how many kids do you have? lol, I have 2 kids."
Do you have any? none right now but i plan on having some.
How old are you? i just turned 30.
Do you do any other work besides on here? not right now.
Are you ready for the snow to melt and spring to start? I am very ready for the snow to melt.
Have you been on any fun trips latley? Nothing on a large scale.
Are you a Boston Red Sox fan? No I am not into baseball.
Do you have any children? Not right now.
How about you? I have three children.
Are you in Massachussets? Yes I am.
"do you guys have a pool at least?, Yes we have a pool."
Wow....whats your favorite park? I like them all.
"Do you have kids? Granddaughters are 19, 17 and 15 and nephews are 14 and 11."
Where are you from? I'm in the Pacific Northwest.
How long have you been doing mturks? Just a little over 2 weeks.
"I live on the east coast, what about you? I live on the east coast as well."
what do you do for a living? Currently I'm a student at a university.
Do you like North Carolina? It's not bad.
what are you studying? I study Electrical Engineering.
do you have any particular field that you want to get into as an electrical engineer? I'm not too sure what specific field of electrical engineering I want to get in to.
What's your plans post military life? I'm not sure what I'll end up doing after I get out.
"has the weather been crazy weird in georgia like its been in the rest of the country? No, pretty Consisten here."
you a braves fan? I'm more of a fan of players.
do you watch a lot of football? I watched a little football.
What's the weather like where you are? It's very hot so I would like to see some rain.
What have you been doing lately? I've been planning a birthday party for my dad.
"So is your job constantly changing?, I mean you have to always be learning to stay on top of things right? Yes and no."
How did you get into IT? My dad and I would play games on an old sega master system when I was little and it kind of morphed from there.
"Do you plan on staying in the field for a long time? Yes, you can work in so many different areas."
what do you do for a living? I'm a Technical Supervisor at a large food manufacturing company.
"May I ask if you have any hobbies? Oh, I do photography and knitting."
"Your job sounds like a lot of responsibility, do you enjoy it? I do enjoy it."
Can I ask your age? No age.
How often do you take surveys like this? I usually do a few a day while at work and I have nothing else to do or I don't feel like leaving my office.
Are you a family guy? I've been married for about 8 years now and have a daughter who will be turning two.
You have any children? I'm a spinster aunt.
Are there specific types of photos you enjoy taking? I like creating abstracts and collages.
So what do you do for a living? Right now I work part-time from home.
Do you like the winter? Yes and no.
#ERROR!
"I have a dog as well that loves the snow!, Whats your dogs name? :) My dog's name's Maddie, she's a Husky/German Shepard mix."
"I have a Shetland Sheepdog named Bella, she's so damn cute haha., Does you dog like to swim? That poor dog was terrified of ours, even though our dog then was a scared little thing too."
"It's hilarious., Does your dog do anything funny like that? Maddie HATES baths with a passion."
"Your dogs a female right? Yup, she's a girl."
How old is she if you don't mind me asking? She's roughly around 9 or 10... we don't know for sure exactly.
How old's Bella? We think she is around 4.
Did you adopt her? We adopted her from a young family near us who just had a child and couldn't handle the dog as well.
whats going on with you? Just working on a few HITS and getting ready to go soon.
What kind of food? Just a tv dinner.
Where do you live? I live in the USA.
HI how are you? I'm good.
How are you? Not bad at all.
"Are you originally from MA? No, from New York state."
Do you mind me asking how old you are? I am 60.
Do you have Masters Qualification? No I don't have Masters.
Have you been enjoying the sunshine? I have been.
Do you turk here often? LOL  Sometimes.
Have you been keeping track of the time? I think it's been about 5 min.
"So, what have you done on your vacation? Just spending time with family."
What type of work do you do? I'm a consultant.
What do you do? I work as a line cook.
Any plans for the rest of vac? Not really.
where are you from? WA state.
why do you want to move to dc? i spent 6 months there visiting and i just really liked it.
"so what do you like to read/watch/listen to in your spare time? lots of classic books, but also some newer stuff."
"Have you been to any of those places?, I've wanted to go to Denmark for a long time I have been to Germany and Austria."
What was the second langauge you were fluent in? I am English native.
What is your name? Ian.
"I like to play video games in my spare time, what kind of hobbies do you enjoy? volunteering most of the time."
"Ya got a favorite movie?, Or music? I don't have a favorite movie but I do like rock/indie/classic rock music,"
" you? I like celtic/folk music, don't really like movies."
"What career you looking for? well right now I'm a pharm tech, which is really a dead end job and I'm starting to hate it."
What field do you work in? I work in customer service previously Inventory.
"I really enjoy playing video games, but I normally dont do it until night time, What kind of hobbies do you enjoy? I like video games too, but not as much as I use to."
Do you brew your own?  No unfortunately I don't.
are you a steelers fan? I am not.
Whats your opinion on Johnny football? I was excited when they drafted him but it doesnt look good now.
Where are you living? I live in the Midwest.
"So you are not college age? Nope, not college age."
"This must interrupt a nice breakfast doing this? Bacon, eggs, with a side of fresh vegetables and coffee."
Do you do extreme sports on the weekend to blow off steam?  Not extreme sports.
what do you do ? I'm a stay at home housewife.
why don't you work outside the home ? I used to work outside the home.
"how old is your daughter, ? She's 25."
"Hello there, How's your morning going? Good so far."
"Do you do this for a living or no? Nah, is just something on side but it might become if i see the $ numbers going up."
"What do you do outside of this if you don't mind me asking? nah i don't mind you asking, well i do research and medical related testing (tha's in a nutshell lol), it can be challenging at times and a mess."
How's retirement been treating you? My retirement is OK.
Any fun weekend plans? I don't usually do much on the weekends.
Do you cook a lot with the vegetables you raise? I freeze a lot of vegetables for the winter.
"Any other spots on the east coast you like?, I've heard Killington is nice. I like Sunapee and Black Mountain."
"So are you doing this survey from mechanical turk? Yes, I do a lot of Mechanical Turk HITS."
"are you enjoying the warm weather? Yes, I love it."
"Any exciting plans for you this weekend? Yes I am going to a brewery tour this weekend and going out to eat tonight, which will be nice."
What else do you do for fun? Tennis is pretty interesting.
Do you have kids? I have two grown kids.
What are your personal hobbies? I love to read.
What kinds of things do you enjoy? I'm an avid reader and writer.
Do you live in the city or country? I guess you would say city.
Are you married? For 30 years.
Is it different now that your children are grown? Good and bad.
"do you have any other pets? yeah, 2 guinea pigs"
Want some coffee? I've just poured a cup of coffee myself.
"Have you heard of Humble, TX? Yes, I have."
"Are you into any LA teams? No, I'm a Philly sports guy."
What do you do for a living? I am a - what do you call that -- digital contract worker or something
Any plans for the weekend? We are in the process of buying a new house so have the inspection today.
"Wat games do you play? Mostly horror survival, RPG, MMO's but on occasion I will play others."
What games does he play? he is into Call of Duty style games.
Moving for a new job? No I have family there that wants me to move
"what do you do for work?  do everything related to computers, servers, network, web."
How about you? I work as an editor for a media company.
you like your job? I do.
did you get it randomly? I think it's semi random.
what are business card hits? You enter business card info from a photo of a business card.
How are you? i'm doing well.
How's the weather? the weather could be better.
Do you have big plans for the weekend? Not really.
how much do you earn a week typically? um...probably about 50 bucks or so.
What do you do for fun? i like to do all kind of randoms things from reading to playing sports to playing video games to cooking to watching movies
"How are you this morning? I'm doing quite well, had a good commute."
Have you had breakfast? I'm working on it.
"Is it hard to navigate Reddit? Nah, the hardest part is choosing the boards you wish to browse."
"Any plans for the weekend? Actually, yes."
how's it going? Pretty well.
"I'm slowly making my way through the Song of Ice and Fire series, Have you read that? Those are pretty long, but very interesting."
"Have you read any Vonnegut? I finished reading what was written of the series just before the first season of Game of Thones came out, bit disappointed the next book still hasn't come out."
"How are you? Doing good, thanks."
"How are you? Getting my day started too, drinking chai on the porch."
How cold is it where you are? It's not cold here at all.
Do you live near a city or are you in the country? I guess you could say i'm in between.
What about you? I'm from dairy country in upstate New York.
What part of England do you come from? Maidstone to be exact.
"Or what do you miss least? Well, I suppose it goes without saying that I miss my family most but other than that, not much really."
How are you doing today? not bad.
how about you? Pretty good.
how old are yours? 8 and 6.
are your kids on spring break this week? They have two more weeks until spring break.
"Are you going anywhere with them? we're going to puerto rico in april...which i feel bad about, that they're missing school."
"Is it your first time going there? yes, first."
Commercial or....personal? She does a bit of both.
How long have you been working on mturk? About 6 weeks.
"Do you work other than Mturk?, I work at a restaurant also. I do odd jobs."
Is it full time or part-time? I work full time.
Did you go to college? I did.
Has that helped your opportunities? I got the job I have now because of my minor.
What would you major in? When I was in college I majored in New Media Design.
Did you pick up business just for the opportunities? Yes.
Do you think you could find a career in history that you could consider worth your time? There are actually a lot of different career paths for fashion.
Is historic preservation difficult? It depends what you are doing.
What was Social Photo like? They ask how you would categorize certain items.
"So how long have you been using Mturk? I signed up in 2008, but never used it until last June."
"That's cool, do you like soccer? Yeah it's pretty fun."
"One of my friend is doing pharmacy technician study right now, is that a fun job to do? In my opinion, no."
"Is your job deal with people? I'm working 40+ hours a week and dealing with people 24/7, It's more of a customer service job than actually giving people information."
Where will you be volunteering? I work with a group that trains service dogs.
What breed of dog is your foster animal? My dog is 3/4 golden retriever and 1/4 yellow lab.
"What are their names?, MY dog was named Lula Mae"
So are you a big Cleveland Cavaliers fan? I do like the Cavs--actually all the Cleveland Sports Teams--still upset when the Indians traded Rocky Colavito years ago.
you a pc gamer or a console gamer? i play pc games honestly.
did you every play any FFXI? i have not.
What line of work are you looking for full time? Whatever I can get at the moment.
Are you on any of the forums? I haven't used the forums
"Hi, how are you? I'm good."
do you like to travel? I love traveling.
"Are you a robot? No, I'm not."
So... hobbies? I like to play basketball with my friend and listen to music.
"Are you a sports fan? No... :(, I like gaming though., I like new foods as well."
What's your favorite food? I like fajitas but I also like chicken parmesan.
"Are you still in school? No, I'm a a homemaker."
"are you there? Yes, I'm here."
did you receive special instructions before chat? Just to find out about you without asking more than 4 questions.
do you turk a lot? A little bit for a little extra money.
"do you have an MBA? No, just a BS."
"Hello, how are you doing? I'm great today."
"Do you have and pets? Yep, I have one kitty."
"Do you have dogs or cats? Aww, I love cats."
"So you like hiking? Well, I'm not a hiker hiker."
Seen lots of snow? i hate snow.
"how have you been, today? Pretty good."
How are you doing? I'm good.
"where are you from, if you don't mind me asking? I'm from Portland, Oregon."
"Have you seen it? Yes, and I've been in it as an extra, once."
"I Freelance online and I act, How about you? I do web development."
how long have you been in that field? For about 5 years now.
"what are your hobbies? snowboarding, movies, reading, video games, definitely love pub crawling as well."
Are you bar crawling for st pattys day this weekend? probably not.
"Where are you from? Oh, I'm from Tennessee, just wishing the messy weather was gone and on to summer."
Anything fun and exciting going on where you live? There's not much going on here- just an ordinary day.
"do you have children and have any kind of exciting plans for the rest of the day? I have quite a few hobbies, I like to play to games with my kids, like xbox360 games and card games, I love going places with them."
"Do you have any hobbies? I used to be pretty deep into MMA, but this is a rough patch, so not much time or money for that."
What field are you in? Healthcare IT
Where are you guys gonna go? We're going to go to Indiana Beach.
How long you and your fiance been together? We have been together almost 9 years.
Can I ask how she died? Yeah sure it was really sudden she was at work and she wasn't feeling well.
Where are you from? I'm from Chicago.
"Do you have a normal job? I'm multitask: waiter, cashier and sometimes manager"
Do you get tips at your food service job? My girlfriend is a waitress and gets good tips sometimes.
"Have you ever been to California before? I would like to, but I want to catch good weather."
"Hi how are you today ? Hello, i'm doing fine, thank you."
"What part of the country do you live in ? I currently reside in South East Texas, born and raised."
"Hi how are you this morning? Hi there, I'm doing well."
have any big plans this weekend? No nothing planned for the weekend.
Do you have any kids? No kids of my own but my significant other has 2.
how long have you two been together if I may ask? A few years.
ever see yourself getting married? Maybe someday.
" what else do you like to do for fun? I like to bowl, watch movies, go out with my friends, have parties, cook."
what or whom got you into it? Just stumbled onto it really.
What are you doing today? Just getting ready to go feed my horses then off to the store.
What kind of dogs do you have? I have a rat terrier and a border collie.
"You got a lot of snow this year didn't you? No, we didn't get much snow this winter, just lots of cold days."
"Do your dogs like the snow? My border collie loves it, the terrier not so much."
What's your favorite season? Season-wise I like spring best.
do you play online games? I actually don't play games.
"What do you do with your time..other than chat on Mturk?, I am a Photo assistant I spend a lot of time on mturk actually, since I don't currently have a job. But other than that I like to play video games, workout, listen to music, bake, and watch tv."
Do you want kids? I'm not sure.
Do you want children? Unlike other people who have a heavy urge to have children..I'll do fine with or without
where are you from? Upstate NY near Syracuse.
so have you liked living in florida? it is great here because you do get all the seasons.
"how's the weather by you? Yeah, its pretty cold here too."
are you in any forums? nope I just use the Reddit.
"Wow, is that your home town ? Kind of."
What kind of music do you like to listen to? All kinds.
"I especially like jazz., How about you? Mostly rock."
"What is your favorite artist? Musically, I like a lot of artists."
"Do you have any dogs of your own? No, but my mom has two dogs., I don't have any pets myself."
Nice are they bigger or smaller? Medium size.
Do you someday want to have any pets? Maybe someday.
Do you have any pets? Yeah i have a little dog her name is chloe.
so do you like watching sports? I feel like if I understood them better I would enjoy them better.
Do you have a favorite vacation spot that you have been too? I like anywhere by the water.
"what part of the state are you in? I am in Jacksonville but went down to Tampa a few months ago for work, It was really nice there."
What do you think of the Yankees? You could say I'm not very fond of them.
How are you doing today? Doing well... about to get ready for a busy day.
Can they do sports at your local school if they want to? Yes they can for middle school & high school.
"How old are you kids? 32, 30 and 26."
Where do you live? I live in the southern part of Ohio.
Have you moved around much other than CA and OH? I've pretty much stayed in one place my whole life.
What do you do for a living? I work at a bank.
"hello, how are you? I'm wonderful this morning."
"So are you enjoying this survey so far? Yeah, it's a lot more interesting than some others."
Is it morning where you are? Yes it is.
What kind of hobbies do you enjoy? I love to dance and cook.
Do you do a certain type of dance or just dance? I am a zumba fitness instructor so it is a part of my job.
How old are your kids? My daughter is 14 years old.
Are you going to have a lot of debt when you graduate? Yeah my loans will be pretty high when I'm done.
"Ever go to Myrtle beach? Yes, i used to go there every year but not recently though."
"Are you going to see the new Avengers movie? of course, i may not read the comics but i love marvel movies."
What's up? enjoying some coffee.
"Drinking Starbucks or what? No, I almost always brew my own coffee at home and bring a thermos to work."
What sort of work are you involved in? I work at a cancer research facility associated with a university.
"What sort of things do you do in your free time? I like to gamble, exercise, and go out to bars occasionally."
"Do you have a family? Yeah, I have a wife and 2 kids."
"Wow, it snowed that much? yeah, not in one day, but in february, we got like 5 storms over a foot."
"Is it usually that bad in winter? no, this is the worst one i've ever seen."
How are you? Can't complain.
What part of the world do you live in? I'm in Pennsylvania.
"Why weren't you there for 4th of Julys? I travel a lot, just always ended up being out of town."
Where's the last place you went? I went to the Dominican last year.
"how long do you spend doing it? i cant really tell... i do some here and there throughout the day while i am at work, and then more at home."
How are you? I'm fine.
Do you have any hobbies? Well I enjoy travel.
"Where are some of the places that you have traveled to? I've been throughout the Caribbean, a handful of European countries, Japan..."
What do you like doing in your free time? I spend most of my time turking.
"Amazon turker I assume? Yes, I am."
Where you from? I'm from Oklahoma.
What do you do for a living? I am a teacher.
"What are your hobbies? I like to cook, if you can call that a hobby and I like all types of craftwork"
"Have you lived in NC all your life? No, I have lived in SC, FL and now NC."
what made you join Mturk? Extra money.
Do you prefer college research surveys or other types of requesters? It just depends on the survey.
"Have you always lived in Wisconsin? Yes, all my life."
"what do you think of the Apple SmartWatch? I want it, it's a little silly buying a smart watch, but if it can help me be healthier, i all for it, plus i love the accesories.. that sounded so lame."
"So what do you like to do for fun, travel anywhere cool? i don't usually travel, i usually stay in florida and sweat."
"which u.s. state would you like to go to that you have never visited? hmm... this sounds weird but Vermont., I just think that it's a better, healthier, and friendly environment."
"what's attracts you to the Maldives? I like the laid back culture, something different, mostly unexpected adventures that I want to take."
Where are you from? I am from Wisconsin.
"Do you have another job too? Yes, tend to usually just turk when I have downtime."
So what's for dinner? I'm going to make jambalaya.
"Where do you live? Sacramento, Moving back to Austin TX in a few months."
"Have you lived in TN all your life? No, I grew up in Alaska."
Do you work in FL outside of mturk? I am currently unemployed and having a hard time finding a job so I turk to add to my husband's income etc.
Do you like vore? I do not know what vore is.
"Has it been very cold there? Yes, Indeed."
"I'd rather be hot than cold, what about you? I am the other way around, I would rather be cold."
"Anyway, do you have any pets? Yeah, I have 3 dogs."
Do they fight a lot? He always picks on the Begal which is probably 4 times his size.
"Hi there, How's your day going? It has been long."
"How about yours? Wow, mine has been chill."
"Shouldn't you be sleeping right now? Probably, I'm super tired but my sleep schedule is pretty bad, I'm trying to hang till later so I can go to sleep with my wife, otherwise I'll probably make it worse."
"How are you? I'm waking up from my first cup of coffee, but so far so good."
Do you have to go to work today? Glad it's Friday is an understatement.
What do you do for a living? I'm a marketing manager.
What do you do for fun in your sparetime? I love to hike with my family.
What about you? I am an avid runner.
"If you dont mind me asking,how old are you? 44, Age does not matter to me anymore, people say I look like I am only 32."
"Do you have family?, I am 55 I have my two sons and daughter."
Where in the US are you located? Very hot and yucky Florida.
Are you a student? I am.
how are you today? I'm doing just fine.
Where are you from? I am from Missouri but am in Virginia.
where in the world are you? I am from and in Denver.
Are you hiring? Not at the moment.
How is your weather? It's quite chilly.
Do you live near any mountains? No I don't.
Have you ever been on the east coast? Yes I have a few times.
how is your day going so far? It's going well.
Do you have a fun weekend planned? nothing too much planned.
"do you know anything about polo? Apart from the little bit I have seen in movies, I have never read up on polo."
Did you attend college? Yes I did.
What did you study? I studied Microbiology and Immunology.
What did you study? Physics but I don't work in anything related.
"How are you? Im Great, thanks, and I assume you're good as well."
"Are you into yoga? Although I don't practice as often as I'd like, I enjoy it as a means of meditation and stress relief."
"Sooo...If you had six billion dollars, but you had to work 40 hrs/wk for FREE in order to keep all your money, what job would you have? I feel guilty answering anything less, but I'd probably get a job in theatre."
"what's it like to live in New Jersey, Jen? Right now, cold."
"What do you do for fun? Concerts with friends, sports (love football), discovering new restaurants etc."
"what kind of work are you doing now, and better question, are you enjoying it? I'm a pharmacist, so on one hand, school was a lot of work and studying so it's good to be done."
How long have you been turking? I just began less than a month ago and I have learned a lot! Forums have really helped me.
"what's your favorite fun activity? I'd say watching Netflix really or if I feel the need to get outside just taking walks, I'm very boring haha."
So do you have a job outside mturk right now? Not currently.
"Hello, how are you? I'm fine."
"So what do you like to do in your free time? Mostly outdoorsy stuff, I like to hike and camp, that sort of thing."
"What about you? I like to read and study in my free time, if I ever manage to get any haha."
"So are you a student? Yeah, I am."
"Are you a student too? Nope, I graduated a couple years ago."
"What did you study in school? Oh, I studied History."
What are you studying? I think I'll end up with Chemistry.
Where do you live? I live in Texas.
How long have you been a MTurker? I've been on Mturk for 2 years about.
What about you? Just about 6 months.
"Did you watch the Texas basketball game lastnight? No, not really a sports fan."
"I am Sarah, how are you today? Hey Sarah, my name's Linda."
Where are you from? I am from the midwest.
Could you tell me about yourself? I'm from the southeast.
What about you? I LOVE yoga.
Are you married? No I'm not married and I don't have any kids.
"What about you, are you married? To a lovely albeit, messy man."
" Are you enjoying your day? I am enjoying my day,."
what is your name? My Name is Paul.
Where do you live? I live in Alabama.
Where do you Live? I live in California.
"how is the weather over there? Slightly chilly, and windy."
How is it over there? Its mostly clear but a bit chilly but nothing like out east.
Have you ever seen snow? A few times when I visit up north near lake tahoe.
"What are you starting with when you get your credentials? When I was a nurse, I did a year long contract in poughkeepsie."
"do you have kids? Yes, three."
How are you? I'm great.
How are you? Feeling good.
"Do you have family up there or just passing through?, It's not exactly a tourist destination... lol Nope no family."
"So what area do you live in now that you arent in Cali? Colorado, Plenty of snow and all my favorite sports teams here."
"So with all that snow, do you ever go sledding? I don't really do much in the snow except play in it."
"do you turk frequently? Yes I do, its a nice way to make a little extra cash."
"right now i'm training for a half marathon so most of my free time is spent running, what about you? I could never do a half marathon."
"Do you have a lot of fitness/sports interests? mostly running these days. i do enjoy golf when the weather and time permits it,"
how's the weather where you are? Its finally getting nice here.
"So, do you work or anything? yes, i work for the federal government."
What do you do for the government? I'm an deputy cio.
"What's going on? not much, just trying to get some work done before the weekend."
do you have any plans for the weekend? I might go see a movie tomorrow.
"i like cooking, photography, hiking... kind of random haha, what about you? I like to write, game, cook, hike and so on."
Where do you work? I'm the chef at a wholesale food company.
How's the weather in Arkansas right now? Not great.
"Can't control the weather, you know? Yeah, I understand."
"Any backup plans? Nah, not really."
Are you doing affiliate marketing and all of that with it? Yeah I do affiliate marketing and Social Marketing. I run multiple Instagram and twitter pages.
Do you like Jimi Hendrix as well? I do enjoy all clasical rock.
What are your plans for the day? Well currently I am on spring break so I plan on writing some music and hanging out with some friends later in the day.
What type of music do you write? Currently it's hip-hop.
Did you travel for spring break? I wish I could have.
Do you think so? Yea I'd say so.
"So where are you from? Well I was born in Germany and my father is German, but my mother is American and we moved to the USA when I was 2."